<?xml version="1.0" encoding="UTF-8"?>
<HBRRepo>
  <variables>
    <variable id="1" name="rtpEntity" product="Planning" type="member" usage="const">
      <property name="application">INPSBD01</property>
      <property name="plantype">FinPlan</property>
      <property name="dimension">Entity</property>
      <property name="prompt_text">Select Entity</property>
      <property name="useLastValue">false</property>
      <value>"Entity_None"</value>
    </variable>
  </variables>
  <rulesets></rulesets>
  <rules>
    <rule id="1" name="7010_SBD_AcqDiv" product="Planning">
      <property name="application">INPSBD01</property>
      <property name="plantype">FinPlan</property>
      <property name="display_label">7010_SBD_AcqDiv</property>
      <variable_references>
        <variable_reference id="1" name="rtpEntity">
          <property name="application">INPSBD01</property>
          <property name="hasvalue">true</property>
          <property name="hidden">false</property>
          <property name="plantype">FinPlan</property>
          <property name="rule_name">7010_SBD_AcqDiv</property>
          <property name="seq">1</property>
          <property name="type">3</property>
          <property name="useAsOverrideValue">false</property>
        </variable_reference>
      </variable_references>
      <script><![CDATA[/*
Calc Name:  7010_SBD_AcqDiv
Database: INPSBD01 - FinPlan
Author: Jomark Villa
Creation Date: 09/21/2017
Purpose:
This will populate all the closed periods of CY and PY. 
PY is included to ensure prior year adjustments such as GPP Restatements do not impact Acquisition calculations

Substitution Variables Used:
&CY, &CurMth, &PY

Hard-Coding:
   Account: AcqFlag
   Currency: LocalCur
   Version: Working
   Scenario: Actual
   Product: Product_None
   Function: Function_None
   Customer: Customer_None
   Entity: rtpEntity


Modifications:
09/21/2017: Jomark Villa: ENHC0016995 - Awesome Draft
*/

SET UPDATECALC OFF;			
SET CACHE HIGH;
SET LOCKBLOCK HIGH;
SET CALCPARALLEL 8;		
SET CALCTASKDIMS 3;

FIX ("Product_None", "Customer_None", "Function_None", {rtpEntity},
"LocalCur", "Working", "Actual")

	FIX (&PY)
		"AcqFlag"= "AcqFlag"->&CY->&CurMth;
	ENDFIX
	
	FIX (&CY, "Jan":&CurMth)
		"AcqFlag" = "AcqFlag"->&CY->&CurMth;
	ENDFIX
ENDFIX]]></script>
    </rule>
  </rules>
  <components></components>
</HBRRepo>