﻿#!-- HEADERBLOCK DIMENSION XML
<?xml version="1.0" encoding="UTF-8" ?>
<DIMENSIONS>
 <Dimension csversion="2.5" density="Sparse" dimensionName="Version" name="Brand" dimensionType="None" origname="Brand" DimensionAlias="Brand" comment="" >
 <Plan1Density>Sparse</Plan1Density>
 <Plan2Density>Sparse</Plan2Density>
 <Plan3Density>Sparse</Plan3Density>
 <Plan4Density>Sparse</Plan4Density>
 <Plan5Density>Sparse</Plan5Density>
 <Plan6Density>Sparse</Plan6Density>
 <Plan7Density>Sparse</Plan7Density>
 <Plan8Density>Sparse</Plan8Density>
 <Plan9Density>Sparse</Plan9Density>
 <Plan10Density>Sparse</Plan10Density>
 <Plan11Density>Sparse</Plan11Density>
 <Plan12Density>Sparse</Plan12Density>
 <Plan13Density>Sparse</Plan13Density>
 <Plan14Density>Sparse</Plan14Density>
 <Plan15Density>Sparse</Plan15Density>
 <EnumOrder1>0</EnumOrder1>
 <EnumOrder2>0</EnumOrder2>
 <EnumOrder3>0</EnumOrder3>
 <EnumOrder4>0</EnumOrder4>
 <EnumOrder5>0</EnumOrder5>
 <EnumOrder6>0</EnumOrder6>
 <EnumOrder7>0</EnumOrder7>
 <EnumOrder8>0</EnumOrder8>
 <EnumOrder9>0</EnumOrder9>
 <EnumOrder10>0</EnumOrder10>
 <EnumOrder11>0</EnumOrder11>
 <EnumOrder12>0</EnumOrder12>
 <EnumOrder13>0</EnumOrder13>
 <EnumOrder14>0</EnumOrder14>
 <EnumOrder15>0</EnumOrder15>
 <Plan1PerfOrder>5</Plan1PerfOrder>
 <Plan2PerfOrder>5</Plan2PerfOrder>
 <Plan3PerfOrder>5</Plan3PerfOrder>
 <Plan4PerfOrder>5</Plan4PerfOrder>
 <Plan5PerfOrder>5</Plan5PerfOrder>
 <Plan6PerfOrder>5</Plan6PerfOrder>
 <Plan7PerfOrder>5</Plan7PerfOrder>
 <Plan8PerfOrder>5</Plan8PerfOrder>
 <Plan9PerfOrder>5</Plan9PerfOrder>
 <Plan10PerfOrder>5</Plan10PerfOrder>
 <Plan11PerfOrder>5</Plan11PerfOrder>
 <Plan12PerfOrder>5</Plan12PerfOrder>
 <Plan13PerfOrder>5</Plan13PerfOrder>
 <Plan14PerfOrder>5</Plan14PerfOrder>
 <Plan15PerfOrder>5</Plan15PerfOrder>
 <ApplySecurity>N</ApplySecurity>
 <DisplayOption>MEMBER_NAME</DisplayOption>
 <Consolidation>~</Consolidation>
 <ConsolidationWF>NotUsed</ConsolidationWF>
 <ConsolidationCX>NotUsed</ConsolidationCX>
 <Consolidation8>NotUsed</Consolidation8>
 <Consolidation16>NotUsed</Consolidation16>
 <Consolidation32>NotUsed</Consolidation32>
 <Consolidation64>NotUsed</Consolidation64>
 <Consolidation128>NotUsed</Consolidation128>
 <Consolidation256>NotUsed</Consolidation256>
 <Consolidation512>NotUsed</Consolidation512>
 <Consolidation1024>NotUsed</Consolidation1024>
 <Consolidation2048>NotUsed</Consolidation2048>
 <Consolidation4096>NotUsed</Consolidation4096>
 <Consolidation8192>NotUsed</Consolidation8192>
 <Consolidation16384>NotUsed</Consolidation16384>
 <ValidForPlan1>Y</ValidForPlan1>
 <ValidForPlan2>N</ValidForPlan2>
 <ValidForPlan3>N</ValidForPlan3>
 <ValidForPlan4>N</ValidForPlan4>
 <ValidForPlan5>N</ValidForPlan5>
 <ValidForPlan6>N</ValidForPlan6>
 <ValidForPlan7>N</ValidForPlan7>
 <ValidForPlan8>N</ValidForPlan8>
 <ValidForPlan9>N</ValidForPlan9>
 <ValidForPlan10>N</ValidForPlan10>
 <ValidForPlan11>N</ValidForPlan11>
 <ValidForPlan12>N</ValidForPlan12>
 <ValidForPlan13>N</ValidForPlan13>
 <ValidForPlan14>N</ValidForPlan14>
 <ValidForPlan15>N</ValidForPlan15>
 <Alias table="Default" >Total Brand</Alias>
 <DataStorage>StoreData</DataStorage>
 <DataStorage2>StoreData</DataStorage2>
 <DataStorage4>StoreData</DataStorage4>
 <DataStorage8>StoreData</DataStorage8>
 <DataStorage16>StoreData</DataStorage16>
 <DataStorage32>StoreData</DataStorage32>
 <DataStorage64>StoreData</DataStorage64>
 <DataStorage128>StoreData</DataStorage128>
 <DataStorage256>StoreData</DataStorage256>
 <DataStorage512>StoreData</DataStorage512>
 <DataStorage1024>StoreData</DataStorage1024>
 <DataStorage2048>StoreData</DataStorage2048>
 <DataStorage4096>StoreData</DataStorage4096>
 <DataStorage8192>StoreData</DataStorage8192>
 <DataStorage16384>StoreData</DataStorage16384>
 <HierarchyType>None</HierarchyType>
 <DataType>Unspecified</DataType>
</Dimension>
</DIMENSIONS>
#--!
Brand, Parent, Alias: Default, Data Storage, Two Pass Calculation, Description, Formula, UDA, Smart List, Data Type, Hierarchy Type, Enable for Dynamic Children, Number of Possible Dynamic Children, Access Granted to Member Creator, Process Management Enabled, Version Type, Aggregation (CALSBD01), Data Storage (CALSBD01), Formula (CALSBD01)
Stanley_Tot,Brand,Stanley Total,store,false,,<none>,,,unspecified,none,,,,true,bottom up,+,store,<none>
Stanley,Stanley_Tot,,store,false,,<none>,,,unspecified,none,,,,true,bottom up,+,store,<none>
FatMax,Stanley_Tot,Fat Max,store,false,,<none>,,,unspecified,none,,,,true,bottom up,+,store,<none>
BandD_Tot,Brand,Black & Decker Total,store,false,,<none>,,,unspecified,none,,,,true,bottom up,+,store,<none>
BlackandDecker,BandD_Tot,Black & Decker,store,false,,<none>,,,unspecified,none,,,,true,bottom up,+,store,<none>
Dustbuster,BandD_Tot,,store,false,,<none>,,,unspecified,none,,,,true,bottom up,+,store,<none>
Bostitch,Brand,,store,false,,<none>,,,unspecified,none,,,,true,bottom up,+,store,<none>
DeWalt,Brand,,store,false,,<none>,,,unspecified,none,,,,true,bottom up,+,store,<none>
Hilmor,Brand,,store,false,,<none>,,,unspecified,none,,,,true,bottom up,+,store,<none>
Irwin,Brand,,store,false,,<none>,,,unspecified,none,,,,true,bottom up,+,store,<none>
Lenox,Brand,,store,false,,<none>,,,unspecified,none,,,,true,bottom up,+,store,<none>
Craftsman,Brand,,store,false,,<none>,,,unspecified,none,,,,true,bottom up,+,store,<none>
PorterCable,Brand,Porter Cable,store,false,,<none>,,,unspecified,none,,,,true,bottom up,+,store,<none>
Facom,Brand,,store,false,,<none>,,,unspecified,none,,,,true,bottom up,+,store,<none>
Powers,Brand,,store,false,,<none>,,,unspecified,none,,,,true,bottom up,+,store,<none>
Elco,Brand,,store,false,,<none>,,,unspecified,none,,,,true,bottom up,+,store,<none>
MacTools,Brand,Mac Tools,store,false,,<none>,,,unspecified,none,,,,true,bottom up,+,store,<none>
Proto,Brand,,store,false,,<none>,,,unspecified,none,,,,true,bottom up,+,store,<none>
Vidmar,Brand,,store,false,,<none>,,,unspecified,none,,,,true,bottom up,+,store,<none>
Lista,Brand,,store,false,,<none>,,,unspecified,none,,,,true,bottom up,+,store,<none>
Innerspace,Brand,,store,false,,<none>,,,unspecified,none,,,,true,bottom up,+,store,<none>
Abmast,Brand,,store,false,,<none>,,,unspecified,none,,,,true,bottom up,+,store,<none>
Arlink,Brand,,store,false,,<none>,,,unspecified,none,,,,true,bottom up,+,store,<none>
Blackhawk,Brand,,store,false,,<none>,,,unspecified,none,,,,true,bottom up,+,store,<none>
Bost,Brand,,store,false,,<none>,,,unspecified,none,,,,true,bottom up,+,store,<none>
Expert_BPT,Brand,Expert + Heritage Brands,store,false,,<none>,,,unspecified,none,,,,true,bottom up,+,store,<none>
Britool,Expert_BPT,,store,false,,<none>,,,unspecified,none,,,,true,bottom up,+,store,<none>
BritoolExpert,Expert_BPT,Britool Expert,store,false,,<none>,,,unspecified,none,,,,true,bottom up,+,store,<none>
Expert,Expert_BPT,,store,false,,<none>,,,unspecified,none,,,,true,bottom up,+,store,<none>
Pastorino,Expert_BPT,,store,false,,<none>,,,unspecified,none,,,,true,bottom up,+,store,<none>
PastorinoExpert,Expert_BPT,Pastorino Expert,store,false,,<none>,,,unspecified,none,,,,true,bottom up,+,store,<none>
Tona,Expert_BPT,,store,false,,<none>,,,unspecified,none,,,,true,bottom up,+,store,<none>
TonaExpert,Expert_BPT,Tona Expert,store,false,,<none>,,,unspecified,none,,,,true,bottom up,+,store,<none>
Jensen,Brand,,store,false,,<none>,,,unspecified,none,,,,true,bottom up,+,store,<none>
Molly,Brand,,store,false,,<none>,,,unspecified,none,,,,true,bottom up,+,store,<none>
NatHardware,Brand,National Hardware,store,false,,<none>,,,unspecified,none,,,,true,bottom up,+,store,<none>
Nexus,Brand,,store,false,,<none>,,,unspecified,none,,,,true,bottom up,+,store,<none>
Piranha,Brand,,store,false,,<none>,,,unspecified,none,,,,true,bottom up,+,store,<none>
Sidchrome,Brand,,store,false,,<none>,,,unspecified,none,,,,true,bottom up,+,store,<none>
Guoqiang,Brand,,store,false,,<none>,,,unspecified,none,,,,true,bottom up,+,store,<none>
USAG,Brand,,store,false,,<none>,,,unspecified,none,,,,true,bottom up,+,store,<none>
Jingdun,Brand,,store,false,,<none>,,,unspecified,none,,,,true,bottom up,+,store,<none>
ACE_Brand,Brand,ACE Brand,store,false,,<none>,,,unspecified,none,,,,true,bottom up,+,store,<none>
MAX,Brand,,store,false,,<none>,,,unspecified,none,,,,true,bottom up,+,store,<none>
Brand_None,Brand,No Brand,store,false,,<none>,,,unspecified,none,,,,true,bottom up,+,store,<none>
AllOthBrands,Brand,All Other Brands,store,false,,<none>,,,unspecified,none,,,,true,bottom up,+,store,<none>
PrivateLabel,Brand,Private Label,store,false,,<none>,,,unspecified,none,,,,true,bottom up,+,store,<none>
