﻿#!-- HEADERBLOCK DIMENSION XML
<?xml version="1.0" encoding="UTF-8" ?>
<DIMENSIONS>
 <Dimension csversion="2.5" density="Sparse" dimensionName="Custom" name="Customer" dimensionType="None" origname="Customer" DimensionAlias="Customer" comment="" >
 <Plan1Density>Sparse</Plan1Density>
 <Plan2Density>Sparse</Plan2Density>
 <Plan3Density>Sparse</Plan3Density>
 <Plan4Density>Sparse</Plan4Density>
 <Plan5Density>Sparse</Plan5Density>
 <Plan6Density>Sparse</Plan6Density>
 <Plan7Density>Sparse</Plan7Density>
 <Plan8Density>Sparse</Plan8Density>
 <Plan9Density>Sparse</Plan9Density>
 <Plan10Density>Sparse</Plan10Density>
 <Plan11Density>Sparse</Plan11Density>
 <Plan12Density>Sparse</Plan12Density>
 <Plan13Density>Sparse</Plan13Density>
 <Plan14Density>Sparse</Plan14Density>
 <Plan15Density>Sparse</Plan15Density>
 <EnumOrder1>0</EnumOrder1>
 <EnumOrder2>0</EnumOrder2>
 <EnumOrder3>0</EnumOrder3>
 <EnumOrder4>0</EnumOrder4>
 <EnumOrder5>0</EnumOrder5>
 <EnumOrder6>0</EnumOrder6>
 <EnumOrder7>0</EnumOrder7>
 <EnumOrder8>0</EnumOrder8>
 <EnumOrder9>0</EnumOrder9>
 <EnumOrder10>0</EnumOrder10>
 <EnumOrder11>0</EnumOrder11>
 <EnumOrder12>0</EnumOrder12>
 <EnumOrder13>0</EnumOrder13>
 <EnumOrder14>0</EnumOrder14>
 <EnumOrder15>0</EnumOrder15>
 <Plan1PerfOrder>6</Plan1PerfOrder>
 <Plan2PerfOrder>10</Plan2PerfOrder>
 <Plan3PerfOrder>10</Plan3PerfOrder>
 <Plan4PerfOrder>10</Plan4PerfOrder>
 <Plan5PerfOrder>10</Plan5PerfOrder>
 <Plan6PerfOrder>10</Plan6PerfOrder>
 <Plan7PerfOrder>10</Plan7PerfOrder>
 <Plan8PerfOrder>0</Plan8PerfOrder>
 <Plan9PerfOrder>0</Plan9PerfOrder>
 <Plan10PerfOrder>0</Plan10PerfOrder>
 <Plan11PerfOrder>0</Plan11PerfOrder>
 <Plan12PerfOrder>0</Plan12PerfOrder>
 <Plan13PerfOrder>0</Plan13PerfOrder>
 <Plan14PerfOrder>0</Plan14PerfOrder>
 <Plan15PerfOrder>0</Plan15PerfOrder>
 <ApplySecurity>N</ApplySecurity>
 <DisplayOption>MEMBER_NAME</DisplayOption>
 <Consolidation>~</Consolidation>
 <ConsolidationWF>NotUsed</ConsolidationWF>
 <ConsolidationCX>NotUsed</ConsolidationCX>
 <Consolidation8>NotUsed</Consolidation8>
 <Consolidation16>NotUsed</Consolidation16>
 <Consolidation32>NotUsed</Consolidation32>
 <Consolidation64>NotUsed</Consolidation64>
 <Consolidation128>NotUsed</Consolidation128>
 <Consolidation256>NotUsed</Consolidation256>
 <Consolidation512>NotUsed</Consolidation512>
 <Consolidation1024>NotUsed</Consolidation1024>
 <Consolidation2048>NotUsed</Consolidation2048>
 <Consolidation4096>NotUsed</Consolidation4096>
 <Consolidation8192>NotUsed</Consolidation8192>
 <Consolidation16384>NotUsed</Consolidation16384>
 <ValidForPlan1>Y</ValidForPlan1>
 <ValidForPlan2>N</ValidForPlan2>
 <ValidForPlan3>N</ValidForPlan3>
 <ValidForPlan4>N</ValidForPlan4>
 <ValidForPlan5>N</ValidForPlan5>
 <ValidForPlan6>N</ValidForPlan6>
 <ValidForPlan7>N</ValidForPlan7>
 <ValidForPlan8>N</ValidForPlan8>
 <ValidForPlan9>N</ValidForPlan9>
 <ValidForPlan10>N</ValidForPlan10>
 <ValidForPlan11>N</ValidForPlan11>
 <ValidForPlan12>N</ValidForPlan12>
 <ValidForPlan13>N</ValidForPlan13>
 <ValidForPlan14>N</ValidForPlan14>
 <ValidForPlan15>N</ValidForPlan15>
 <Alias table="Default" >Total Customer</Alias>
 <DataStorage>StoreData</DataStorage>
 <DataStorage2>StoreData</DataStorage2>
 <DataStorage4>StoreData</DataStorage4>
 <DataStorage8>StoreData</DataStorage8>
 <DataStorage16>StoreData</DataStorage16>
 <DataStorage32>StoreData</DataStorage32>
 <DataStorage64>StoreData</DataStorage64>
 <DataStorage128>StoreData</DataStorage128>
 <DataStorage256>StoreData</DataStorage256>
 <DataStorage512>StoreData</DataStorage512>
 <DataStorage1024>StoreData</DataStorage1024>
 <DataStorage2048>StoreData</DataStorage2048>
 <DataStorage4096>StoreData</DataStorage4096>
 <DataStorage8192>StoreData</DataStorage8192>
 <DataStorage16384>StoreData</DataStorage16384>
 <HierarchyType>None</HierarchyType>
 <DataType>Unspecified</DataType>
</Dimension>
</DIMENSIONS>
#--!
Customer, Parent, Alias: Default, Valid For Consolidations, Data Storage, Two Pass Calculation, Description, Formula, UDA, Smart List, Data Type, Hierarchy Type, Enable for Dynamic Children, Number of Possible Dynamic Children, Access Granted to Member Creator, Plan Type (CALSBD01), Aggregation (CALSBD01), Data Storage (CALSBD01), Formula (CALSBD01)
Total_Customer,Customer,Total Cust,false,store,false,,<none>,,,unspecified,none,,,,true,+,store,<none>
Direct_Tot,Total_Customer,Direct Total,false,store,false,,<none>,,,unspecified,none,,,,true,+,store,<none>
DirRtlg,Direct_Tot,Direct Retailing,false,store,false,,<none>,,,unspecified,none,,,,true,+,store,<none>
Catalog_Sales,Direct_Tot,Catalog Sales,false,store,false,,<none>,,,unspecified,none,,,,true,+,store,<none>
Institutional_Sales,Direct_Tot,Institutional Sales,false,store,false,,<none>,,,unspecified,none,,,,true,+,store,<none>
Dir_Sales_Oth,Direct_Tot,Direct Sales Others,false,store,false,,<none>,,,unspecified,none,,,,true,+,store,<none>
Direct_Tot_Fcst,Direct_Tot,Direct Total Forecast,false,store,false,,<none>,,,unspecified,none,,,,true,+,store,<none>
InDirRtlg,Total_Customer,Indirect Retailing,false,store,false,,<none>,,,unspecified,none,,,,true,+,store,<none>
Consumer,InDirRtlg,Consumer Market Group,false,store,false,,<none>,,,unspecified,none,,,,true,+,store,<none>
Retail,Consumer,Retail Group,false,store,false,,<none>,,,unspecified,none,,,,true,+,store,<none>
Natl_Retail,Retail,NA National Retail,false,store,false,,<none>,,,unspecified,none,,,,true,+,store,<none>
REG_MASS,Natl_Retail,Regional Mass,false,store,false,,<none>,,,unspecified,none,,,,true,+,store,<none>
MassMerch,REG_MASS,Mass Merchants,false,store,false,,<none>,,,unspecified,none,,,,true,+,store,<none>
Walmart,MassMerch,,false,store,false,,<none>,,,unspecified,none,,,,true,+,store,<none>
SearsKmart,MassMerch,Sears / Kmart,false,store,false,,<none>,,,unspecified,none,,,,true,+,store,<none>
Target,MassMerch,,false,store,false,,<none>,,,unspecified,none,,,,true,+,store,<none>
RGMass,MassMerch,RG Mass,false,store,false,,<none>,,,unspecified,none,,,,true,+,store,<none>
BigW,MassMerch,Big W,false,store,false,,<none>,,,unspecified,none,,,,true,+,store,<none>
FARM_Grp,REG_MASS,Retail Farm,false,store,false,,<none>,,,unspecified,none,,,,true,+,store,<none>
TSC,FARM_Grp,Tractor Supply,false,store,false,,<none>,,,unspecified,none,,,,true,+,store,<none>
Farm,FARM_Grp,,false,store,false,,<none>,,,unspecified,none,,,,true,+,store,<none>
Big4RW_IND,REG_MASS,Big4RW IND,false,store,false,,<none>,,,unspecified,stored,,,,true,+,store,<none>
Big4RW,Big4RW_IND,Big 4 / RW,false,store,false,,<none>,,,unspecified,none,,,,true,+,store,<none>
RegWarehouse,Big4RW,Regional Warehouse,false,store,false,,<none>,,,unspecified,none,,,,true,+,store,<none>
DIB,Big4RW,Do it Best,false,store,false,,<none>,,,unspecified,none,,,,true,+,store,<none>
TrueValue,Big4RW,True Value,false,store,false,,<none>,,,unspecified,none,,,,true,+,store,<none>
ACE,Big4RW,Ace Hardware,false,store,false,,<none>,,,unspecified,none,,,,true,+,store,<none>
ORG,Big4RW,Orgill,false,store,false,,<none>,,,unspecified,none,,,,true,+,store,<none>
Big4RW_HIST,Big4RW,Big4 / RW - Historical,false,store,false,,<none>,,,unspecified,none,,,,true,+,store,<none>
Menards,REG_MASS,,false,store,false,,<none>,,,unspecified,none,,,,true,+,store,<none>
CanadianTire,REG_MASS,Canadian Tire,false,store,false,,<none>,,,unspecified,none,,,,true,+,store,<none>
AutoRetail,REG_MASS,Automotive Retail,false,store,false,,<none>,,,unspecified,none,,,,true,+,store,<none>
Ecomm_Grp,Retail,Ecomm Group,false,store,false,,<none>,,,unspecified,none,,,,true,+,store,<none>
Ecommerce,Ecomm_Grp,E-Commerce,false,store,false,,<none>,,,unspecified,none,,,,true,+,store,<none>
Amazon,Ecomm_Grp,,false,store,false,,<none>,,,unspecified,none,,,,true,+,store,<none>
DIYZ,Ecomm_Grp,ECOMM DIY App,false,store,false,,<none>,,,unspecified,none,,,,true,+,store,<none>
HomeCenters,Retail,Home Centers,false,store,false,,<none>,,,unspecified,none,,,,true,+,store,<none>
HomeDepot_Grp,HomeCenters,Home Depot Group,false,store,false,,<none>,,,unspecified,none,,,,true,+,store,<none>
HomeDepot,HomeDepot_Grp,Home Depot,false,store,false,,<none>,,,unspecified,none,,,,true,+,store,<none>
HomeDepot_COM,HomeDepot_Grp,HomeDepotcom,false,store,false,,<none>,,,unspecified,none,,,,true,+,store,<none>
Lowes_Group,HomeCenters,Lowes Retail Group,false,store,false,,<none>,,,unspecified,none,,,,true,+,store,<none>
Lowes,Lowes_Group,,false,store,false,,<none>,,,unspecified,none,,,,true,+,store,<none>
Orchard,Lowes_Group,,false,store,false,,<none>,,,unspecified,none,,,,true,+,store,<none>
Rona,Lowes_Group,,false,store,false,,<none>,,,unspecified,none,,,,true,+,store,<none>
Bunnings,HomeCenters,Bunnings Group,false,store,false,,<none>,,,unspecified,none,,,,true,+,store,<none>
HomeCenters_Grp,HomeCenters,Other Home Center Group,false,store,false,,<none>,,,unspecified,none,,,,true,+,store,<none>
HomeCenters_Oth,HomeCenters_Grp,Home Centers Other,false,store,false,,<none>,,,unspecified,none,,,,true,+,store,<none>
HomeCentersGrp_Fcst,HomeCenters_Grp,Home Center Group - Forecast,false,store,false,,<none>,,,unspecified,none,,,,true,+,store,<none>
Adeo,HomeCenters_Grp,Adeo Group,false,store,false,,<none>,,,unspecified,none,,,,true,+,store,<none>
Arena,HomeCenters_Grp,Arena Group,false,store,false,,<none>,,,unspecified,none,,,,true,+,store,<none>
HRG,HomeCenters_Grp,Home Retail Group,false,store,false,,<none>,,,unspecified,none,,,,true,+,store,<none>
Kingfisher,HomeCenters_Grp,Kingfisher Group,false,store,false,,<none>,,,unspecified,none,,,,true,+,store,<none>
Intergamma,HomeCenters_Grp,Intergamma Group,false,store,false,,<none>,,,unspecified,none,,,,true,+,store,<none>
Maxeda,HomeCenters_Grp,Maxeda Group,false,store,false,,<none>,,,unspecified,none,,,,true,+,store,<none>
Metro,HomeCenters_Grp,Metro Group,false,store,false,,<none>,,,unspecified,none,,,,true,+,store,<none>
MrBricolage,HomeCenters_Grp,Mr Bricolage,false,store,false,,<none>,,,unspecified,none,,,,true,+,store,<none>
Praktiker,HomeCenters_Grp,Praktiker Group,false,store,false,,<none>,,,unspecified,none,,,,true,+,store,<none>
OBI,HomeCenters_Grp,OBI Group,false,store,false,,<none>,,,unspecified,none,,,,true,+,store,<none>
OthRetail,Retail,Other Retail,false,store,false,,<none>,,,unspecified,none,,,,true,+,store,<none>
RetailGrp_Fcst,OthRetail,Other Retail - Forecast,false,store,false,,<none>,,,unspecified,none,,,,true,+,store,<none>
NewDist,OthRetail,New Distribution,false,store,false,,<none>,,,unspecified,none,,,,true,+,store,<none>
Clubs,OthRetail,Retail Clubs,false,store,false,,<none>,,,unspecified,none,,,,true,+,store,<none>
PremIncent,OthRetail,Premium & Incentive,false,store,false,,<none>,,,unspecified,none,,,,true,+,store,<none>
OfficeProd,OthRetail,Office Products,false,store,false,,<none>,,,unspecified,none,,,,true,+,store,<none>
OthRetail_Oth,OthRetail,Other Retail - Other,false,store,false,,<none>,,,unspecified,none,,,,true,+,store,<none>
Retail_Oth,Retail,Retail Other,false,store,false,,<none>,,,unspecified,none,,,,true,+,store,<none>
Commercial,Consumer,Commercial Group,false,store,false,,<none>,,,unspecified,none,,,,true,+,store,<none>
Field_Total,Commercial,Field Total,false,store,false,,<none>,,,unspecified,none,,,,true,+,store,<none>
Field_US,Field_Total,Field US Grp,false,store,false,,<none>,,,unspecified,none,,,,true,+,store,<none>
ICField_Central,Field_US,Field - Central,false,store,false,,<none>,,,unspecified,none,,,,true,+,store,<none>
ICField_NonReg,Field_US,Field - Non Regional,false,store,false,,<none>,,,unspecified,none,,,,true,+,store,<none>
ICField_Midwest,Field_US,Field - Midwest,false,store,false,,<none>,,,unspecified,none,,,,true,+,store,<none>
ICField_Northeast,Field_US,Field - Northeast,false,store,false,,<none>,,,unspecified,none,,,,true,+,store,<none>
ICField_Southeast,Field_US,Field - Southeast,false,store,false,,<none>,,,unspecified,none,,,,true,+,store,<none>
ICField_WestCoast,Field_US,Field - West Coast,false,store,false,,<none>,,,unspecified,none,,,,true,+,store,<none>
Field_US_Oth,Field_US,Field US - Other,false,store,false,,<none>,,,unspecified,none,,,,true,+,store,<none>
Field_US_Fcst,Field_US,Field US - Forecast,false,store,false,,<none>,,,unspecified,stored,,,,true,+,store,<none>
Field_CA,Field_Total,Field Canada,false,store,false,,<none>,,,unspecified,none,,,,true,+,store,<none>
BC_Field,Field_CA,British Columbia Zone,false,store,false,,<none>,,,unspecified,none,,,,true,+,store,<none>
Alberta_Field,Field_CA,Alberta & Praries Zone,false,store,false,,<none>,,,unspecified,none,,,,true,+,store,<none>
Ontario_Field,Field_CA,Ontario Zone,false,store,false,,<none>,,,unspecified,none,,,,true,+,store,<none>
Eastern_Field,Field_CA,Eastern Zone,false,store,false,,<none>,,,unspecified,none,,,,true,+,store,<none>
Field_CA_Oth,Field_CA,Field Canada - Other,false,store,false,,<none>,,,unspecified,none,,,,true,+,store,<none>
Hillman,Commercial,,false,store,false,,<none>,,,unspecified,none,,,,true,+,store,<none>
T1NatAcct,Commercial,Tier 1 National Accts,false,store,false,,<none>,,,unspecified,none,,,,true,+,store,<none>
Grainger,T1NatAcct,,false,store,false,,<none>,,,unspecified,none,,,,true,+,store,<none>
T1NatAcct_Oth,T1NatAcct,T1NatAcct_Oth-Other Tier 1 Natl Accts,false,store,false,,<none>,,,unspecified,none,,,,true,+,store,<none>
2Step,Commercial,2 Step,false,store,false,,<none>,,,unspecified,none,,,,true,+,store,<none>
HH_TSC,2Step,HH/TSC,false,store,false,,<none>,,,unspecified,none,,,,true,+,store,<none>
ALBERTA_2Step,2Step,ALBERTA 2-STEP,false,store,false,,<none>,,,unspecified,none,,,,true,+,store,<none>
MANITOBA_2step,2Step,MANITOBA 2-STEP,false,store,false,,<none>,,,unspecified,none,,,,true,+,store,<none>
EASTERN_2Step,2Step,EASTERN 2-STEP,false,store,false,,<none>,,,unspecified,none,,,,true,+,store,<none>
Comm_Indstrl,Commercial,Commercial Industrial,false,store,false,,<none>,,,unspecified,none,,,,true,+,store,<none>
CommIndstrl_Fcst,Comm_Indstrl,Commercial Industrial - Forecast,false,store,false,,<none>,,,unspecified,none,,,,true,+,store,<none>
Export,Comm_Indstrl,Export ANZ,false,store,false,,<none>,,,unspecified,none,,,,true,+,store,<none>
IndGroup,Comm_Indstrl,INDUSTRIAL GrpS,false,store,false,,<none>,,,unspecified,none,,,,true,+,store,<none>
Ind_Oth,Comm_Indstrl,Other Industrial,false,store,false,,<none>,,,unspecified,none,,,,true,+,store,<none>
PSD_Total,Commercial,Product Services,false,store,false,,<none>,,,unspecified,none,,,,true,+,store,<none>
PSD_Oth,PSD_Total,Product Services Other,false,store,false,,<none>,,,unspecified,none,,,,true,+,store,<none>
PSD_Total_Fcst,PSD_Total,Product Service - Forecast,false,store,false,,<none>,,,unspecified,none,,,,true,+,store,<none>
Commercial_Oth,Commercial,Other Commercial,false,store,false,,<none>,,,unspecified,none,,,,true,+,store,<none>
DSD,Commercial,Direct Sales Division,false,store,false,,<none>,,,unspecified,none,,,,true,+,store,<none>
ProfSupp,Consumer,Professional Supply,false,store,false,,<none>,,,unspecified,none,,,,true,+,store,<none>
ProfSupp_Fcst,ProfSupp,Professional Supply - Forecast,false,store,false,,<none>,,,unspecified,none,,,,true,+,store,<none>
DescCab,ProfSupp,Descours & Cabaud,false,store,false,,<none>,,,unspecified,none,,,,true,+,store,<none>
Toolbank,ProfSupp,Toolbank Group,false,store,false,,<none>,,,unspecified,none,,,,true,+,store,<none>
Profix,ProfSupp,Profix Group,false,store,false,,<none>,,,unspecified,none,,,,true,+,store,<none>
Wolesley,ProfSupp,Wolesley Group,false,store,false,,<none>,,,unspecified,none,,,,true,+,store,<none>
SaintGobain,ProfSupp,Saint Gobain,false,store,false,,<none>,,,unspecified,none,,,,true,+,store,<none>
Kesko,ProfSupp,Kesko Group,false,store,false,,<none>,,,unspecified,none,,,,true,+,store,<none>
IndHW,ProfSupp,Industrial Hardware Other,false,store,false,,<none>,,,unspecified,none,,,,true,+,store,<none>
ToolSpec,ProfSupp,Tool Specialist Independents,false,store,false,,<none>,,,unspecified,none,,,,true,+,store,<none>
ProfSupp_Oth,ProfSupp,Professional Supply Other,false,store,false,,<none>,,,unspecified,none,,,,true,+,store,<none>
RetailingOth,Consumer,Other Retailing,false,store,false,,<none>,,,unspecified,none,,,,true,+,store,<none>
Royalties,RetailingOth,Royalties Customer,false,store,false,,<none>,,,unspecified,none,,,,true,+,store,<none>
CustAllOth,RetailingOth,Other Customers,false,store,false,,<none>,,,unspecified,none,,,,true,+,store,<none>
RetailingOth_Fcst,RetailingOth,Other Retailing - Forecast,false,store,false,,<none>,,,unspecified,none,,,,true,+,store,<none>
Traditional_Channel,Consumer,Traditional Channel,false,store,false,,<none>,,,unspecified,none,,,,true,+,store,<none>
Wholesalers,Traditional_Channel,,false,store,false,,<none>,,,unspecified,none,,,,true,+,store,<none>
Trad_HW_Stores,Traditional_Channel,Traditional Hardware Stores,false,store,false,,<none>,,,unspecified,none,,,,true,+,store,<none>
AutoRepair_Channel,Traditional_Channel,Automotive Repair Channel,false,store,false,,<none>,,,unspecified,none,,,,true,+,store,<none>
Ind_Channel,Traditional_Channel,Industrial Channel,false,store,false,,<none>,,,unspecified,none,,,,true,+,store,<none>
Constr_Channel,Traditional_Channel,Construction Channel,false,store,false,,<none>,,,unspecified,none,,,,true,+,store,<none>
Rental_Channel,Traditional_Channel,Rental Channel,false,store,false,,<none>,,,unspecified,none,,,,true,+,store,<none>
Trad_Channel_Oth,Traditional_Channel,Traditional Channels Other,false,store,false,,<none>,,,unspecified,none,,,,true,+,store,<none>
Trad_Channel_Fcst,Traditional_Channel,Traditional Channel Forecast,false,store,false,,<none>,,,unspecified,none,,,,true,+,store,<none>
Modern_Channel,Consumer,Modern Channel,false,store,false,,<none>,,,unspecified,none,,,,true,+,store,<none>
HomeCenters_GEM,Modern_Channel,HomeCenters GEM,false,store,false,,<none>,,,unspecified,none,,,,true,+,store,<none>
MassMerch_GEM,Modern_Channel,Mass Merchants GEM,false,store,false,,<none>,,,unspecified,none,,,,true,+,store,<none>
Dept_Stores,Modern_Channel,Department Stores,false,store,false,,<none>,,,unspecified,none,,,,true,+,store,<none>
Spec_Stores,Modern_Channel,Specialty Stores,false,store,false,,<none>,,,unspecified,none,,,,true,+,store,<none>
Gifts_Channel,Modern_Channel,Gifts Channel,false,store,false,,<none>,,,unspecified,none,,,,true,+,store,<none>
Mod_Channel_Oth,Modern_Channel,Modern Channel Others,false,store,false,,<none>,,,unspecified,none,,,,true,+,store,<none>
Mod_Channel_Fcst,Modern_Channel,Modern Channel Forecast,false,store,false,,<none>,,,unspecified,none,,,,true,+,store,<none>
Ecomm_Channel_GEM,Consumer,Ecommerce Channel GEM,false,store,false,,<none>,,,unspecified,none,,,,true,+,store,<none>
Ecomm_Spec,Ecomm_Channel_GEM,Ecomm Specialized,false,store,false,,<none>,,,unspecified,none,,,,true,+,store,<none>
Retailing_GEM,Ecomm_Channel_GEM,Retailing GEM,false,store,false,,<none>,,,unspecified,none,,,,true,+,store,<none>
Ecomm_Oth_GEM,Ecomm_Channel_GEM,Ecommerce Others GEM,false,store,false,,<none>,,,unspecified,none,,,,true,+,store,<none>
Ecomm_GEM_Fcst,Ecomm_Channel_GEM,Ecomm Channel GEM Forecast,false,store,false,,<none>,,,unspecified,none,,,,true,+,store,<none>
Service,Consumer,Service GEM,false,store,false,,<none>,,,unspecified,none,,,,true,+,store,<none>
Auth_Svc_Center,Service,Authorized Service Center,false,store,false,,<none>,,,unspecified,none,,,,true,+,store,<none>
Dir_End_Users,Service,Direct End Users,false,store,false,,<none>,,,unspecified,none,,,,true,+,store,<none>
Company_Owned_Svc_Ctr,Service,Company Owned Service Center,false,store,false,,<none>,,,unspecified,none,,,,true,+,store,<none>
Svc_Oth,Service,Service Others,false,store,false,,<none>,,,unspecified,none,,,,true,+,store,<none>
Service_Fcst,Service,Service Forecast,false,store,false,,<none>,,,unspecified,none,,,,true,+,store,<none>
Consumer_Oth,Consumer,Consumer Market Other,false,store,false,,<none>,,,unspecified,none,,,,true,+,store,<none>
Industrial,InDirRtlg,Industrial Group,false,store,false,,<none>,,,unspecified,none,,,,true,+,store,<none>
Auto_Cust,Industrial,Automotive Customers,false,store,false,,<none>,,,unspecified,none,,,,true,+,store,<none>
AutoRepair,Auto_Cust,Automotive Repair,false,store,false,,<none>,,,unspecified,none,,,,true,+,store,<none>
AutoRepair_Direct,AutoRepair,Auto Repair Direct,false,store,false,,<none>,,,unspecified,none,,,,true,+,store,<none>
Auto_Direct_Ecomm,AutoRepair_Direct,Auto Direct Ecommerce,false,store,false,,<none>,,,unspecified,none,,,,true,+,store,<none>
Auto_Direct_Empl,AutoRepair_Direct,Auto Direct Employee Distributors,false,store,false,,<none>,,,unspecified,none,,,,true,+,store,<none>
Auto_Direct_Export,AutoRepair_Direct,Auto Direct Export,false,store,false,,<none>,,,unspecified,none,,,,true,+,store,<none>
Auto_Direct_Gov,AutoRepair_Direct,Auto Direct Government,false,store,false,,<none>,,,unspecified,none,,,,true,+,store,<none>
Auto_Direct_NatAcct,AutoRepair_Direct,Auto Direct NationalAccounts,false,store,false,,<none>,,,unspecified,none,,,,true,+,store,<none>
Auto_Direct_Student,AutoRepair_Direct,Auto Direct Student,false,store,false,,<none>,,,unspecified,none,,,,true,+,store,<none>
Auto_Direct_Oth,AutoRepair_Direct,Auto Direct Other,false,store,false,,<none>,,,unspecified,none,,,,true,+,store,<none>
Auto_Direct_Fcst,AutoRepair_Direct,Automotive - Forecast,false,store,false,,<none>,,,unspecified,none,,,,true,+,store,<none>
Mobile_Distr,AutoRepair,Mobile Distribution,false,store,false,,<none>,,,unspecified,none,,,,true,+,store,<none>
Distr_Reg1,Mobile_Distr,Mobile Distribution Region 1,false,store,false,,<none>,,,unspecified,none,,,,true,+,store,<none>
Distr_Reg10,Mobile_Distr,Mobile Distribution Region 10,false,store,false,,<none>,,,unspecified,none,,,,true,+,store,<none>
Distr_Reg2,Mobile_Distr,Mobile Distribution Region 2,false,store,false,,<none>,,,unspecified,none,,,,true,+,store,<none>
Distr_Reg3,Mobile_Distr,Mobile Distribution Region 3,false,store,false,,<none>,,,unspecified,none,,,,true,+,store,<none>
Distr_Reg4,Mobile_Distr,Mobile Distribution Region 4,false,store,false,,<none>,,,unspecified,none,,,,true,+,store,<none>
Distr_Reg5,Mobile_Distr,Mobile Distribution Region 5,false,store,false,,<none>,,,unspecified,none,,,,true,+,store,<none>
Distr_Reg6,Mobile_Distr,Mobile Distribution Region 6,false,store,false,,<none>,,,unspecified,none,,,,true,+,store,<none>
Distr_Reg7,Mobile_Distr,Mobile Distribution Region 7,false,store,false,,<none>,,,unspecified,none,,,,true,+,store,<none>
Distr_Reg8,Mobile_Distr,Mobile Distribution Region 8,false,store,false,,<none>,,,unspecified,none,,,,true,+,store,<none>
Distr_Reg9,Mobile_Distr,Mobile Distribution Region 9,false,store,false,,<none>,,,unspecified,none,,,,true,+,store,<none>
Distr_Reg99,Mobile_Distr,Mobile Distribution Region 99,false,store,false,,<none>,,,unspecified,none,,,,true,+,store,<none>
Mobile_Distr_Fcst,Mobile_Distr,Mobile Distribution - Forecast,false,store,false,,<none>,,,unspecified,none,,,,true,+,store,<none>
AutoRepair_Oth,AutoRepair,Automotive Repair - Other,false,store,false,,<none>,,,unspecified,none,,,,true,+,store,<none>
Storage_Cust,Industrial,Engineered Storage Customers,false,store,false,,<none>,,,unspecified,none,,,,true,+,store,<none>
Storage_Auto,Storage_Cust,Storage - Automotive,false,store,false,,<none>,,,unspecified,none,,,,true,+,store,<none>
Storage_Gov,Storage_Cust,Storage - Government,false,store,false,,<none>,,,unspecified,none,,,,true,+,store,<none>
Storage_Health,Storage_Cust,Storage - Healthcare,false,store,false,,<none>,,,unspecified,none,,,,true,+,store,<none>
Storage_Oth,Storage_Cust,Storage - Other,false,store,false,,<none>,,,unspecified,none,,,,true,+,store,<none>
Storage_Cust_Fcst,Storage_Cust,Eng Storage Customers - Forecast,false,store,false,,<none>,,,unspecified,none,,,,true,+,store,<none>
ElectronicMRO,Industrial,Electronics MRO,false,store,false,,<none>,,,unspecified,none,,,,true,+,store,<none>
Indust_Bandsaw_Cst,Industrial,Industrial Bandsaw Customer,false,store,false,,<none>,,,unspecified,none,,,,true,+,store,<none>
Industrial_Group_Oth,Industrial,Industrial Group Other,false,store,false,,<none>,,,unspecified,none,,,,true,+,store,<none>
OthCustGroups,Total_Customer,Other Customer Groups,false,store,false,,<none>,,,unspecified,none,,,,true,+,store,<none>
Customer_None,Total_Customer,No Customer,false,store,false,,<none>,,,unspecified,none,,,,true,+,store,<none>
Customer_Unallocated,Total_Customer,Unallocated Customer,false,store,false,,<none>,,,unspecified,none,,,,true,+,store,<none>
