﻿#!-- HEADERBLOCK DIMENSION XML
<?xml version="1.0" encoding="UTF-8" ?>
<DIMENSIONS>
 <Dimension csversion="2.5" density="Sparse" dimensionName="Custom" name="Function" dimensionType="None" origname="Function" DimensionAlias="Function" comment="" >
 <Plan1Density>Sparse</Plan1Density>
 <Plan2Density>Sparse</Plan2Density>
 <Plan3Density>Sparse</Plan3Density>
 <Plan4Density>Sparse</Plan4Density>
 <Plan5Density>Sparse</Plan5Density>
 <Plan6Density>Sparse</Plan6Density>
 <Plan7Density>Sparse</Plan7Density>
 <Plan8Density>Sparse</Plan8Density>
 <Plan9Density>Sparse</Plan9Density>
 <Plan10Density>Sparse</Plan10Density>
 <Plan11Density>Sparse</Plan11Density>
 <Plan12Density>Sparse</Plan12Density>
 <Plan13Density>Sparse</Plan13Density>
 <Plan14Density>Sparse</Plan14Density>
 <Plan15Density>Sparse</Plan15Density>
 <EnumOrder1>0</EnumOrder1>
 <EnumOrder2>0</EnumOrder2>
 <EnumOrder3>0</EnumOrder3>
 <EnumOrder4>0</EnumOrder4>
 <EnumOrder5>0</EnumOrder5>
 <EnumOrder6>0</EnumOrder6>
 <EnumOrder7>0</EnumOrder7>
 <EnumOrder8>0</EnumOrder8>
 <EnumOrder9>0</EnumOrder9>
 <EnumOrder10>0</EnumOrder10>
 <EnumOrder11>0</EnumOrder11>
 <EnumOrder12>0</EnumOrder12>
 <EnumOrder13>0</EnumOrder13>
 <EnumOrder14>0</EnumOrder14>
 <EnumOrder15>0</EnumOrder15>
 <Plan1PerfOrder>8</Plan1PerfOrder>
 <Plan2PerfOrder>9</Plan2PerfOrder>
 <Plan3PerfOrder>9</Plan3PerfOrder>
 <Plan4PerfOrder>9</Plan4PerfOrder>
 <Plan5PerfOrder>9</Plan5PerfOrder>
 <Plan6PerfOrder>9</Plan6PerfOrder>
 <Plan7PerfOrder>9</Plan7PerfOrder>
 <Plan8PerfOrder>0</Plan8PerfOrder>
 <Plan9PerfOrder>0</Plan9PerfOrder>
 <Plan10PerfOrder>0</Plan10PerfOrder>
 <Plan11PerfOrder>0</Plan11PerfOrder>
 <Plan12PerfOrder>0</Plan12PerfOrder>
 <Plan13PerfOrder>0</Plan13PerfOrder>
 <Plan14PerfOrder>0</Plan14PerfOrder>
 <Plan15PerfOrder>0</Plan15PerfOrder>
 <ApplySecurity>N</ApplySecurity>
 <DisplayOption>MEMBER_NAME</DisplayOption>
 <Consolidation>~</Consolidation>
 <ConsolidationWF>NotUsed</ConsolidationWF>
 <ConsolidationCX>NotUsed</ConsolidationCX>
 <Consolidation8>NotUsed</Consolidation8>
 <Consolidation16>NotUsed</Consolidation16>
 <Consolidation32>NotUsed</Consolidation32>
 <Consolidation64>NotUsed</Consolidation64>
 <Consolidation128>NotUsed</Consolidation128>
 <Consolidation256>NotUsed</Consolidation256>
 <Consolidation512>NotUsed</Consolidation512>
 <Consolidation1024>NotUsed</Consolidation1024>
 <Consolidation2048>NotUsed</Consolidation2048>
 <Consolidation4096>NotUsed</Consolidation4096>
 <Consolidation8192>NotUsed</Consolidation8192>
 <Consolidation16384>NotUsed</Consolidation16384>
 <ValidForPlan1>Y</ValidForPlan1>
 <ValidForPlan2>N</ValidForPlan2>
 <ValidForPlan3>N</ValidForPlan3>
 <ValidForPlan4>N</ValidForPlan4>
 <ValidForPlan5>N</ValidForPlan5>
 <ValidForPlan6>N</ValidForPlan6>
 <ValidForPlan7>N</ValidForPlan7>
 <ValidForPlan8>N</ValidForPlan8>
 <ValidForPlan9>N</ValidForPlan9>
 <ValidForPlan10>N</ValidForPlan10>
 <ValidForPlan11>N</ValidForPlan11>
 <ValidForPlan12>N</ValidForPlan12>
 <ValidForPlan13>N</ValidForPlan13>
 <ValidForPlan14>N</ValidForPlan14>
 <ValidForPlan15>N</ValidForPlan15>
 <Alias table="Default" ></Alias>
 <DataStorage>LabelOnly</DataStorage>
 <DataStorage2>LabelOnly</DataStorage2>
 <DataStorage4>LabelOnly</DataStorage4>
 <DataStorage8>LabelOnly</DataStorage8>
 <DataStorage16>LabelOnly</DataStorage16>
 <DataStorage32>LabelOnly</DataStorage32>
 <DataStorage64>LabelOnly</DataStorage64>
 <DataStorage128>LabelOnly</DataStorage128>
 <DataStorage256>LabelOnly</DataStorage256>
 <DataStorage512>LabelOnly</DataStorage512>
 <DataStorage1024>LabelOnly</DataStorage1024>
 <DataStorage2048>LabelOnly</DataStorage2048>
 <DataStorage4096>LabelOnly</DataStorage4096>
 <DataStorage8192>LabelOnly</DataStorage8192>
 <DataStorage16384>LabelOnly</DataStorage16384>
 <HierarchyType>None</HierarchyType>
 <DataType>Unspecified</DataType>
</Dimension>
</DIMENSIONS>
#--!
Function, Parent, Alias: Default, Valid For Consolidations, Data Storage, Two Pass Calculation, Description, Formula, UDA, Smart List, Data Type, Hierarchy Type, Enable for Dynamic Children, Number of Possible Dynamic Children, Access Granted to Member Creator, Plan Type (CALSBD01), Aggregation (CALSBD01), Data Storage (CALSBD01), Formula (CALSBD01)
Total_Function,Function,Total Function,false,store,false,,<none>,,,unspecified,none,,,,true,+,store,<none>
Function_None,Total_Function,No Function,false,store,false,,<none>,,,unspecified,none,,,,true,+,store,<none>
COS,Total_Function,Cost of Sales,false,store,false,,<none>,,,unspecified,none,,,,true,+,store,<none>
MFG,COS,Manufacturing Function,false,store,false,,<none>,,,unspecified,none,,,,true,+,store,<none>
MFGDirect,MFG,Mfg Direct,false,store,false,,<none>,,,unspecified,none,,,,true,+,store,<none>
MFGDL,MFGDirect,Mfg Direct Cost,false,store,false,,<none>,,,unspecified,none,,,,true,+,store,<none>
F84310S,MFGDL,Mfg CC Direct,false,store,false,,<none>,,,unspecified,none,,,,true,+,store,<none>
F84310_00,F84310S,F84310_00-Mfg CC Direct - General,false,store,false,,<none>,,,unspecified,none,,,,true,+,store,<none>
F84310_01,F84310S,F84310_01-Assembly 1,false,store,false,,<none>,,,unspecified,none,,,,true,+,store,<none>
F84310_02,F84310S,F84310_02-Assembly 2,false,store,false,,<none>,,,unspecified,none,,,,true,+,store,<none>
F84310_03,F84310S,F84310_03-Heat Treat,false,store,false,,<none>,,,unspecified,none,,,,true,+,store,<none>
F84310_04,F84310S,F84310_04-Machining Cutting Milling 1,false,store,false,,<none>,,,unspecified,none,,,,true,+,store,<none>
F84310_05,F84310S,F84310_05-Machining Cutting Milling 2,false,store,false,,<none>,,,unspecified,none,,,,true,+,store,<none>
F84310_06,F84310S,F84310_06-Machining Cutting Milling 3,false,store,false,,<none>,,,unspecified,none,,,,true,+,store,<none>
F84310_07,F84310S,F84310_07-Machining Cutting Milling 4,false,store,false,,<none>,,,unspecified,none,,,,true,+,store,<none>
F84310_08,F84310S,F84310_08-Machining Cutting Milling 5,false,store,false,,<none>,,,unspecified,none,,,,true,+,store,<none>
F84310_09,F84310S,F84310_09-Machining Cutting Milling 6,false,store,false,,<none>,,,unspecified,none,,,,true,+,store,<none>
F84310_10,F84310S,F84310_10-Paint 1,false,store,false,,<none>,,,unspecified,none,,,,true,+,store,<none>
F84310_11,F84310S,F84310_11-Paint 2,false,store,false,,<none>,,,unspecified,none,,,,true,+,store,<none>
F84310_12,F84310S,F84310_12-Plating,false,store,false,,<none>,,,unspecified,none,,,,true,+,store,<none>
F84310_13,F84310S,F84310_13-Press,false,store,false,,<none>,,,unspecified,none,,,,true,+,store,<none>
F84310_14,F84310S,F84310_14-Cold Forming,false,store,false,,<none>,,,unspecified,none,,,,true,+,store,<none>
F84310_15,F84310S,F84310_15-Forging 1,false,store,false,,<none>,,,unspecified,none,,,,true,+,store,<none>
F84310_16,F84310S,F84310_16-Forging 2,false,store,false,,<none>,,,unspecified,none,,,,true,+,store,<none>
F84310_17,F84310S,F84310_17-Polishing Finishing 1,false,store,false,,<none>,,,unspecified,none,,,,true,+,store,<none>
F84310_18,F84310S,F84310_18-Polishing Finishing 2,false,store,false,,<none>,,,unspecified,none,,,,true,+,store,<none>
F84310_19,F84310S,F84310_19-Welding,false,store,false,,<none>,,,unspecified,none,,,,true,+,store,<none>
F84310_20,F84310S,F84310_20-Product 1,false,store,false,,<none>,,,unspecified,none,,,,true,+,store,<none>
F84310_21,F84310S,F84310_21-Product 2,false,store,false,,<none>,,,unspecified,none,,,,true,+,store,<none>
F84310_22,F84310S,F84310_22-Direct Input & General,false,store,false,,<none>,,,unspecified,none,,,,true,+,store,<none>
F84310_23,F84310S,F84310_23-Direct Heading,false,store,false,,<none>,,,unspecified,none,,,,true,+,store,<none>
F84310_24,F84310S,F84310_24-Direct Secondary Ops,false,store,false,,<none>,,,unspecified,none,,,,true,+,store,<none>
F84310_25,F84310S,F84310_25-Direct Processing,false,store,false,,<none>,,,unspecified,none,,,,true,+,store,<none>
F84310_26,F84310S,F84310_26-Direct Assy,false,store,false,,<none>,,,unspecified,none,,,,true,+,store,<none>
F84310_27,F84310S,F84310_27-Direct Buy/Sell,false,store,false,,<none>,,,unspecified,none,,,,true,+,store,<none>
F84322,MFGDL,F84322-VAS Conversion Cost Direct,false,store,false,,<none>,,,unspecified,none,,,,true,+,store,<none>
MFGDIROTH,MFGDirect,Mfg Direct Other,false,store,false,,<none>,,,unspecified,none,,,,true,+,store,<none>
F84315S,MFGDIROTH,Mfg CC Direct Other,false,store,false,,<none>,,,unspecified,none,,,,true,+,store,<none>
F84315_00,F84315S,F84315_00-Mfg CC Indirect General,false,store,false,,<none>,,,unspecified,none,,,,true,+,store,<none>
F84315_01,F84315S,F84315_01-Material Handling 1,false,store,false,,<none>,,,unspecified,none,,,,true,+,store,<none>
F84315_02,F84315S,F84315_02-Receiving 1,false,store,false,,<none>,,,unspecified,none,,,,true,+,store,<none>
F84315_03,F84315S,F84315_03-Shipping,false,store,false,,<none>,,,unspecified,none,,,,true,+,store,<none>
F84315_04,F84315S,F84315_04-Shipping / Receiving,false,store,false,,<none>,,,unspecified,none,,,,true,+,store,<none>
F84315_05,F84315S,F84315_05-Tool Room,false,store,false,,<none>,,,unspecified,none,,,,true,+,store,<none>
F84315_06,F84315S,F84315_06-Safety Envt Medical 1,false,store,false,,<none>,,,unspecified,none,,,,true,+,store,<none>
F84315_07,F84315S,F84315_07-Safety Envt Medical 2,false,store,false,,<none>,,,unspecified,none,,,,true,+,store,<none>
F84320,MFGDIROTH,F84320-Mfg Dist-Inv+QC ST Base,false,store,false,,<none>,,,unspecified,none,,,,true,+,store,<none>
F84326,MFGDIROTH,F84326-Mfg Service/Repair,false,store,false,,<none>,,,unspecified,none,,,,true,+,store,<none>
F84361,MFGDIROTH,F84361-Pension Credit,false,store,false,,<none>,,,unspecified,none,,,,true,+,store,<none>
MFGIndirect,MFG,Mfg Indirect,false,store,false,,<none>,,,unspecified,none,,,,true,+,store,<none>
MFGIndOps,MFGIndirect,MFG Indirect Operations,false,store,false,,<none>,,,unspecified,none,,,,true,+,store,<none>
MFGIndOps_Indir,MFGIndOps,MFG Indirect Operations Indirect,false,store,false,,<none>,,,unspecified,none,,,,true,+,store,<none>
OpsPlng,MFGIndOps_Indir,Operations Planning,false,store,false,,<none>,,,unspecified,none,,,,true,+,store,<none>
SupChain,OpsPlng,Supply Chain Total,false,store,false,,<none>,,,unspecified,none,,,,true,+,store,<none>
F84354,SupChain,F84354-Supply Planning,false,store,false,,<none>,,,unspecified,none,,,,true,+,store,<none>
F84355,SupChain,F84355-Central Supply Chain,false,store,false,,<none>,,,unspecified,none,,,,true,+,store,<none>
DemandPlng,OpsPlng,Demand Planning Total,false,store,false,,<none>,,,unspecified,none,,,,true,+,store,<none>
F84356,DemandPlng,F84356-Demand Planner,false,store,false,,<none>,,,unspecified,none,,,,true,+,store,<none>
F84357,DemandPlng,F84357-SCOP,false,store,false,,<none>,,,unspecified,none,,,,true,+,store,<none>
F84399,MFGIndOps_Indir,F84399-Mfg Indirect Other,false,store,false,,<none>,,,unspecified,none,,,,true,+,store,<none>
F84340,MFGIndOps_Indir,F84340-IT Mfg Indirect,false,store,false,,<none>,,,unspecified,none,,,,true,+,store,<none>
F84324,MFGIndOps_Indir,F84324-Installation/Maintenance,false,store,false,,<none>,,,unspecified,none,,,,true,+,store,<none>
F84325,MFGIndOps_Indir,F84325-Indirect Hourly,false,store,false,,<none>,,,unspecified,none,,,,true,+,store,<none>
MFGIndOps_Base,MFGIndOps,MFG Indirect Operations Base,false,store,false,,<none>,,,unspecified,none,,,,true,+,store,<none>
F84336,MFGIndOps_Base,F84336-BDCI Profits_Costs,false,store,false,,<none>,,,unspecified,none,,,,true,+,store,<none>
F84329,MFGIndOps_Base,F84329-Mfg-IM Plant Ops (ST Base),false,store,false,,<none>,,,unspecified,none,,,,true,+,store,<none>
F84328,MFGIndOps_Base,F84328-Mfg Finance Plant Ops (ST Base),false,store,false,,<none>,,,unspecified,none,,,,true,+,store,<none>
F84327,MFGIndOps_Base,F84327-Mfg HR Plant Ops (ST Base),false,store,false,,<none>,,,unspecified,none,,,,true,+,store,<none>
F84319,MFGIndOps_Base,F84319-Process Eng/SPS Employ,false,store,false,,<none>,,,unspecified,none,,,,true,+,store,<none>
F84317,MFGIndOps_Base,F84317-Special Projects,false,store,false,,<none>,,,unspecified,none,,,,true,+,store,<none>
F84316,MFGIndOps_Base,F84316-Procurement,false,store,false,,<none>,,,unspecified,none,,,,true,+,store,<none>
F84314S,MFGIndOps_Base,Mfg Long Term Base,false,store,false,,<none>,,,unspecified,none,,,,true,+,store,<none>
F84314_01,F84314S,F84314_01-Facility Exp-Building 1,false,store,false,,<none>,,,unspecified,none,,,,true,+,store,<none>
F84314_02,F84314S,F84314_02-Facility Exp-Building 2,false,store,false,,<none>,,,unspecified,none,,,,true,+,store,<none>
F84313,MFGIndOps_Base,F84313-Safety/Environmental,false,store,false,,<none>,,,unspecified,none,,,,true,+,store,<none>
F84312,MFGIndOps_Base,F84312-Quality,false,store,false,,<none>,,,unspecified,none,,,,true,+,store,<none>
F84311S,MFGIndOps_Base,Mfg Short term Base,false,store,false,,<none>,,,unspecified,none,,,,true,+,store,<none>
F84311_00,F84311S,F84311_00-Mfg St Base General,false,store,false,,<none>,,,unspecified,none,,,,true,+,store,<none>
F84311_01,F84311S,F84311_01-Quality 1,false,store,false,,<none>,,,unspecified,none,,,,true,+,store,<none>
F84311_02,F84311S,F84311_02-Production Control 1,false,store,false,,<none>,,,unspecified,none,,,,true,+,store,<none>
F84311_03,F84311S,F84311_03-Engineering 1,false,store,false,,<none>,,,unspecified,none,,,,true,+,store,<none>
F84311_04,F84311S,F84311_04-Engineering 2,false,store,false,,<none>,,,unspecified,none,,,,true,+,store,<none>
F84311_05,F84311S,F84311_05-Plant Management 1,false,store,false,,<none>,,,unspecified,none,,,,true,+,store,<none>
F84311_06,F84311S,F84311_06-Other - MFG St Base 1,false,store,false,,<none>,,,unspecified,none,,,,true,+,store,<none>
F84311_07,F84311S,F84311_07-Indirect Input & General,false,store,false,,<none>,,,unspecified,none,,,,true,+,store,<none>
F84311_08,F84311S,F84311_08-Indirect Heading,false,store,false,,<none>,,,unspecified,none,,,,true,+,store,<none>
F84311_09,F84311S,F84311_09-Indirect Secondary Ops,false,store,false,,<none>,,,unspecified,none,,,,true,+,store,<none>
F84311_10,F84311S,F84311_10-Direct Processing,false,store,false,,<none>,,,unspecified,none,,,,true,+,store,<none>
F84311_11,F84311S,F84311_11-Direct Assy,false,store,false,,<none>,,,unspecified,none,,,,true,+,store,<none>
F84311_12,F84311S,F84311_12-Direct Buy/Sell,false,store,false,,<none>,,,unspecified,none,,,,true,+,store,<none>
MFGIndOth,MFGIndirect,MFG Indirect Other,false,store,false,,<none>,,,unspecified,none,,,,true,+,store,<none>
F84350,MFGIndOth,F84350-Mfg Allocations,false,store,false,,<none>,,,unspecified,none,,,,true,+,store,<none>
F84379,MFGIndOth,F84379-Mfg Warranty,false,store,false,,<none>,,,unspecified,none,,,,true,+,store,<none>
SVC,COS,Function - Services,false,store,false,,<none>,,,unspecified,none,,,,true,+,store,<none>
SVCDir,SVC,Services - Direct Cost,false,store,false,,<none>,,,unspecified,none,,,,true,+,store,<none>
F84515,SVCDir,F84515-Field Production Labor,false,store,false,,<none>,,,unspecified,none,,,,true,+,store,<none>
F84330,SVCDir,F84330-Mfg Service - Direct,false,store,false,,<none>,,,unspecified,none,,,,true,+,store,<none>
F84510,SVCDir,F84510-Installation Expense,false,store,false,,<none>,,,unspecified,none,,,,true,+,store,<none>
F84522,SVCDir,F84522-Service Expense,false,store,false,,<none>,,,unspecified,none,,,,true,+,store,<none>
SVCIndirect,SVC,Services - Indirect Cost,false,store,false,,<none>,,,unspecified,none,,,,true,+,store,<none>
F84331,SVCIndirect,F84331-Mfg Service - Indirect,false,store,false,,<none>,,,unspecified,none,,,,true,+,store,<none>
F84511,SVCIndirect,F84511-Supervision,false,store,false,,<none>,,,unspecified,none,,,,true,+,store,<none>
F84514,SVCIndirect,F84514-Facility Expense,false,store,false,,<none>,,,unspecified,none,,,,true,+,store,<none>
F84520,SVCIndirect,F84520-Material Purchased,false,store,false,,<none>,,,unspecified,none,,,,true,+,store,<none>
F84332,SVC,F84332-Mfg Service - ST Base,false,store,false,,<none>,,,unspecified,none,,,,true,+,store,<none>
F84334,SVC,F84334-ABR Material Costs,false,store,false,,<none>,,,unspecified,none,,,,true,+,store,<none>
COSOther,COS,Variances & Other Costs,false,store,false,,<none>,,,unspecified,none,,,,true,+,store,<none>
F84120,COSOther,F84120-Frieght & Duty Costs,false,store,false,,<none>,,,unspecified,none,,,,true,+,store,<none>
F84110,COSOther,F84110-Inter Facility Transport,false,store,false,,<none>,,,unspecified,none,,,,true,+,store,<none>
F84100,COSOther,F84100-Other OCOS,false,store,false,,<none>,,,unspecified,none,,,,true,+,store,<none>
SGA,Total_Function,SGA Expenses,false,store,false,,<none>,,,unspecified,none,,,,true,+,store,<none>
SGA_exDIST,SGA,SG&A Excluding DC Expenses,false,store,false,,<none>,,,unspecified,none,,,,true,+,store,<none>
Support,SGA_exDIST,SGA-Support,false,store,false,,<none>,,,unspecified,none,,,,true,+,store,<none>
FINANCE,Support,Finance Function,false,store,false,,<none>,,,unspecified,none,,,,true,+,store,<none>
FinAcct,FINANCE,Finance Accounting,false,store,false,,<none>,,,unspecified,none,,,,true,+,store,<none>
F90602,FinAcct,F90602-Plant Operations,false,store,false,,<none>,,,unspecified,none,,,,true,+,store,<none>
F90603,FinAcct,F90603-Accounting & External Rptg,false,store,false,,<none>,,,unspecified,none,,,,true,+,store,<none>
FinBusAn,FINANCE,Finance Business Analysis,false,store,false,,<none>,,,unspecified,none,,,,true,+,store,<none>
F90612,FinBusAn,F90612-Investor Relations,false,store,false,,<none>,,,unspecified,none,,,,true,+,store,<none>
F90601,FinBusAn,F90601-Business Analysis (FP&A),false,store,false,,<none>,,,unspecified,none,,,,true,+,store,<none>
F90610,FinBusAn,F90610-Commercial Finance,false,store,false,,<none>,,,unspecified,none,,,,true,+,store,<none>
F90615,FinBusAn,F90615-Finance Transformation,false,store,false,,<none>,,,unspecified,none,,,,true,+,store,<none>
FinTrans,FINANCE,Finance Transactional,false,store,false,,<none>,,,unspecified,none,,,,true,+,store,<none>
F90605,FinTrans,F90605-Credit and Collections,false,store,false,,<none>,,,unspecified,none,,,,true,+,store,<none>
F90607,FinTrans,F90607-Payroll Department,false,store,false,,<none>,,,unspecified,none,,,,true,+,store,<none>
F90608,FinTrans,F90608-Accounts Payable and T&E,false,store,false,,<none>,,,unspecified,none,,,,true,+,store,<none>
FinCorp,FINANCE,Finance Corp Support,false,store,false,,<none>,,,unspecified,none,,,,true,+,store,<none>
F90604,FinCorp,Tax Management,false,store,false,,<none>,,,unspecified,none,,,,true,+,store,<none>
F90620,FinCorp,Treasury Management,false,store,false,,<none>,,,unspecified,none,,,,true,+,store,<none>
F90611,FINANCE,F90611-Compliance Management,false,store,false,,<none>,,,unspecified,none,,,,true,+,store,<none>
F90699,FINANCE,F90699-Other Finance Costs,false,store,false,,<none>,,,unspecified,none,,,,true,+,store,<none>
CAO,FINANCE,CAO Management,false,store,false,,<none>,,,unspecified,none,,,,true,+,store,<none>
F90651,CAO,F90651-Core External Reporting,false,store,false,,<none>,,,unspecified,none,,,,true,+,store,<none>
7000604,F90651,7000604-US Controllers Dept,false,store,false,,<none>,,,unspecified,none,,,,true,+,store,<none>
707301,F90651,707301-FIMO,false,store,false,,<none>,,,unspecified,none,,,,true,+,store,<none>
F90652,CAO,F90652-Statutory Reporting COE,false,store,false,,<none>,,,unspecified,none,,,,true,+,store,<none>
ITFunc,Support,IT Function,false,store,false,,<none>,,,unspecified,none,,,,true,+,store,<none>
F90402,ITFunc,F90402-Applications,false,store,false,,<none>,,,unspecified,none,,,,true,+,store,<none>
F90404,ITFunc,F90404-Infrastructure,false,store,false,,<none>,,,unspecified,none,,,,true,+,store,<none>
LEGAL,Support,Legal Function,false,store,false,,<none>,,,unspecified,none,,,,true,+,store,<none>
F90201,LEGAL,F90201-Legal Admin,false,store,false,,<none>,,,unspecified,none,,,,true,+,store,<none>
F90270,LEGAL,F90270-Legal Patents,false,store,false,,<none>,,,unspecified,none,,,,true,+,store,<none>
HRFunc,Support,Human Resources Function,false,store,false,,<none>,,,unspecified,none,,,,true,+,store,<none>
F90502,HRFunc,F90502-HR Services,false,store,false,,<none>,,,unspecified,none,,,,true,+,store,<none>
F90503,HRFunc,F90503-HR Plant Operations Support,false,store,false,,<none>,,,unspecified,none,,,,true,+,store,<none>
F90508,HRFunc,F90508-HR Comp and Benefits,false,store,false,,<none>,,,unspecified,none,,,,true,+,store,<none>
F90510,HRFunc,F90510-HR Leadership Development,false,store,false,,<none>,,,unspecified,none,,,,true,+,store,<none>
F90504,HRFunc,F90504-HR Other,false,store,false,,<none>,,,unspecified,none,,,,true,+,store,<none>
F90506,HRFunc,F90506-HR Transaction Processing,false,store,false,,<none>,,,unspecified,none,,,,true,+,store,<none>
F90507,HRFunc,F90507-HR Organizational Development,false,store,false,,<none>,,,unspecified,none,,,,true,+,store,<none>
F90509,HRFunc,F90509-HR Employee Relations,false,store,false,,<none>,,,unspecified,none,,,,true,+,store,<none>
ADM,Support,Administrative Function,false,store,false,,<none>,,,unspecified,none,,,,true,+,store,<none>
F90701,ADM,F90701-Non Operating Properties,false,store,false,,<none>,,,unspecified,none,,,,true,+,store,<none>
F90001,ADM,F90001-Admin General,false,store,false,,<none>,,,unspecified,none,,,,true,+,store,<none>
F90004,ADM,F90004-Indirect Procurement,false,store,false,,<none>,,,unspecified,none,,,,true,+,store,<none>
F90801,ADM,F90801-Executive Office Expense,false,store,false,,<none>,,,unspecified,none,,,,true,+,store,<none>
F90805,ADM,F90805-PMO,false,store,false,,<none>,,,unspecified,none,,,,true,+,store,<none>
F90890,ADM,F90890-Admin General Allocations,false,store,false,,<none>,,,unspecified,none,,,,true,+,store,<none>
F90900,ADM,F90900-Admin Other Facilities,false,store,false,,<none>,,,unspecified,none,,,,true,+,store,<none>
F90899,ADM,F90899-Admin Other,false,store,false,,<none>,,,unspecified,none,,,,true,+,store,<none>
MISCOTH,Support,Other Miscellaneous Function,false,store,false,,<none>,,,unspecified,none,,,,true,+,store,<none>
F90910,MISCOTH,F90910-Facilities,false,store,false,,<none>,,,unspecified,none,,,,true,+,store,<none>
F90920,MISCOTH,F90920-Incentives,false,store,false,,<none>,,,unspecified,none,,,,true,+,store,<none>
F90930,MISCOTH,F90930-General,false,store,false,,<none>,,,unspecified,none,,,,true,+,store,<none>
F90940,MISCOTH,F90940-Other Support,false,store,false,,<none>,,,unspecified,none,,,,true,+,store,<none>
F90999,MISCOTH,F90999-Other Misc SGA,false,store,false,,<none>,,,unspecified,none,,,,true,+,store,<none>
Growth,SGA_exDIST,SG&A-Growth,false,store,false,,<none>,,,unspecified,none,,,,true,+,store,<none>
BUSDEV,Growth,Business Development,false,store,false,,<none>,,,unspecified,none,,,,true,+,store,<none>
F90301,BUSDEV,F90301-Business Development,false,store,false,,<none>,,,unspecified,none,,,,true,+,store,<none>
ENG,Growth,Engineering Function,false,store,false,,<none>,,,unspecified,none,,,,true,+,store,<none>
ENGOTH,ENG,Engineering Other Function,false,store,false,,<none>,,,unspecified,none,,,,true,+,store,<none>
F85111,ENGOTH,F85111-R&D Location 1,false,store,false,,<none>,,,unspecified,none,,,,true,+,store,<none>
F85112,ENGOTH,F85112-R&D Location 2,false,store,false,,<none>,,,unspecified,none,,,,true,+,store,<none>
F85113,ENGOTH,F85113-R&D Location 3,false,store,false,,<none>,,,unspecified,none,,,,true,+,store,<none>
F85114,ENGOTH,F85114-R&D Location 4,false,store,false,,<none>,,,unspecified,none,,,,true,+,store,<none>
F85115,ENGOTH,F85115-R&D Location 5,false,store,false,,<none>,,,unspecified,none,,,,true,+,store,<none>
F85116,ENGOTH,F85116-R&D Location 6,false,store,false,,<none>,,,unspecified,none,,,,true,+,store,<none>
F85117,ENGOTH,F85117-R&D Location 7,false,store,false,,<none>,,,unspecified,none,,,,true,+,store,<none>
F85101,ENGOTH,F85101-Product Engineering,false,store,false,,<none>,,,unspecified,none,,,,true,+,store,<none>
F85102,ENGOTH,F85102-Application Engineering,false,store,false,,<none>,,,unspecified,none,,,,true,+,store,<none>
F85103,ENGOTH,F85103-Packaging Development,false,store,false,,<none>,,,unspecified,none,,,,true,+,store,<none>
F85104,ENGOTH,F85104-New Product Development,false,store,false,,<none>,,,unspecified,none,,,,true,+,store,<none>
F85105,ENGOTH,F85105-Product Improvement,false,store,false,,<none>,,,unspecified,none,,,,true,+,store,<none>
F85106,ENGOTH,F85106-General Administration,false,store,false,,<none>,,,unspecified,none,,,,true,+,store,<none>
F85199,ENGOTH,F85199-Engineering Other,false,store,false,,<none>,,,unspecified,none,,,,true,+,store,<none>
F85107,ENG,F85107-Test and Support,false,store,false,,<none>,,,unspecified,none,,,,true,+,store,<none>
F85108,ENG,F85108-Central Research and Dev,false,store,false,,<none>,,,unspecified,none,,,,true,+,store,<none>
F85109,ENG,F85109-Industrial Design,false,store,false,,<none>,,,unspecified,none,,,,true,+,store,<none>
MKT_ADV,Growth,Marketing and Advertising,false,store,false,,<none>,,,unspecified,none,,,,true,+,store,<none>
MKT,MKT_ADV,Marketing Function,false,store,false,,<none>,,,unspecified,none,,,,true,+,store,<none>
CHANNEL_MKT,MKT,Channel Marketing Expenses,false,store,false,,<none>,,,unspecified,none,,,,true,+,store,<none>
F86113,CHANNEL_MKT,F86113-Sponsoring,false,store,false,,<none>,,,unspecified,none,,,,true,+,store,<none>
F86116,CHANNEL_MKT,F86116-E-Commerce,false,store,false,,<none>,,,unspecified,none,,,,true,+,store,<none>
F86120,CHANNEL_MKT,F86120-Channel Marketing,false,store,false,,<none>,,,unspecified,none,,,,true,+,store,<none>
F86102,CHANNEL_MKT,F86102-Channel Mktg - Industrial,false,store,false,,<none>,,,unspecified,none,,,,true,+,store,<none>
F86108,CHANNEL_MKT,F86108-Collateral Materials,false,store,false,,<none>,,,unspecified,none,,,,true,+,store,<none>
F86109,CHANNEL_MKT,F86109-Direct Marketing,false,store,false,,<none>,,,unspecified,none,,,,true,+,store,<none>
F86140,CHANNEL_MKT,F86140-National Events Marketing,false,store,false,,<none>,,,unspecified,none,,,,true,+,store,<none>
F86150,CHANNEL_MKT,F86150-Field Marketing,false,store,false,,<none>,,,unspecified,none,,,,true,+,store,<none>
F86199,CHANNEL_MKT,F86199-Other Marketing,false,store,false,,<none>,,,unspecified,none,,,,true,+,store,<none>
GENERAL_MKT,MKT,General Marketing Expenses,false,store,false,,<none>,,,unspecified,none,,,,true,+,store,<none>
F86117,GENERAL_MKT,F86117-Central Marketing,false,store,false,,<none>,,,unspecified,none,,,,true,+,store,<none>
F86118,GENERAL_MKT,F86118-Marketing Management,false,store,false,,<none>,,,unspecified,none,,,,true,+,store,<none>
F86101,GENERAL_MKT,F86101-General Marketing,false,store,false,,<none>,,,unspecified,none,,,,true,+,store,<none>
F86115,GENERAL_MKT,F86115-Branding & Comms,false,store,false,,<none>,,,unspecified,none,,,,true,+,store,<none>
F86104,GENERAL_MKT,F86104-Corporate Marketing,false,store,false,,<none>,,,unspecified,none,,,,true,+,store,<none>
F86105,GENERAL_MKT,F86105-Cologne Fair,false,store,false,,<none>,,,unspecified,none,,,,true,+,store,<none>
F86106,GENERAL_MKT,F86106-Hardware Show,false,store,false,,<none>,,,unspecified,none,,,,true,+,store,<none>
F86107,GENERAL_MKT,F86107-Other Shows/Exhibits,false,store,false,,<none>,,,unspecified,none,,,,true,+,store,<none>
F86111,GENERAL_MKT,F86111-Research,false,store,false,,<none>,,,unspecified,none,,,,true,+,store,<none>
F86112,GENERAL_MKT,F86112-Mkt Engineers,false,store,false,,<none>,,,unspecified,none,,,,true,+,store,<none>
F86160,GENERAL_MKT,F86160-Public Relations Marketing,false,store,false,,<none>,,,unspecified,none,,,,true,+,store,<none>
PRODUCT_MKT,MKT,Product Marketing Expense,false,store,false,,<none>,,,unspecified,none,,,,true,+,store,<none>
F86114,PRODUCT_MKT,F86114-Catalogues Manager,false,store,false,,<none>,,,unspecified,none,,,,true,+,store,<none>
F86119,PRODUCT_MKT,F86119-Product Management,false,store,false,,<none>,,,unspecified,none,,,,true,+,store,<none>
F86103,PRODUCT_MKT,F86103-Product Marketing,false,store,false,,<none>,,,unspecified,none,,,,true,+,store,<none>
F86110,PRODUCT_MKT,F86110-Product Training,false,store,false,,<none>,,,unspecified,none,,,,true,+,store,<none>
ADV,MKT_ADV,Advertising Function,false,store,false,,<none>,,,unspecified,none,,,,true,+,store,<none>
PRODUCT_ADV,ADV,Product Advertising and Promo,false,store,false,,<none>,,,unspecified,none,,,,true,+,store,<none>
F87101,PRODUCT_ADV,F87101-Advertising,false,store,false,,<none>,,,unspecified,none,,,,true,+,store,<none>
F87102,PRODUCT_ADV,F87102-Advertising Production,false,store,false,,<none>,,,unspecified,none,,,,true,+,store,<none>
F87103,PRODUCT_ADV,F87103-Advertising Media,false,store,false,,<none>,,,unspecified,none,,,,true,+,store,<none>
F87104,PRODUCT_ADV,F87104-Promotion - General,false,store,false,,<none>,,,unspecified,none,,,,true,+,store,<none>
F87105,PRODUCT_ADV,F87105-CoOp Expenses,false,store,false,,<none>,,,unspecified,none,,,,true,+,store,<none>
PROMO,ADV,Promotion,false,store,false,,<none>,,,unspecified,none,,,,true,+,store,<none>
F87210,PROMO,F87210-National Events Promotions,false,store,false,,<none>,,,unspecified,none,,,,true,+,store,<none>
F87230,PROMO,F87230-Field Promo,false,store,false,,<none>,,,unspecified,none,,,,true,+,store,<none>
F87240,PROMO,F87240-Event Marketing,false,store,false,,<none>,,,unspecified,none,,,,true,+,store,<none>
F87250,PROMO,F87250-Other Promo,false,store,false,,<none>,,,unspecified,none,,,,true,+,store,<none>
ADVOth,ADV,Other Advertising Exp,false,store,false,,<none>,,,unspecified,none,,,,true,+,store,<none>
F87111,ADVOth,F87111-Customer Training,false,store,false,,<none>,,,unspecified,none,,,,true,+,store,<none>
F87112,ADVOth,F87112-Merchandise,false,store,false,,<none>,,,unspecified,none,,,,true,+,store,<none>
F87110,ADVOth,F87110-Van Driver,false,store,false,,<none>,,,unspecified,none,,,,true,+,store,<none>
GCX,MKT_ADV,Global Customer Experience,false,store,false,,<none>,,,unspecified,none,,,,true,+,store,<none>
F87271,GCX,F87271-Sponsorships,false,store,false,,<none>,,,unspecified,none,,,,true,+,store,<none>
F87272,GCX,F87272-Digital Technology,false,store,false,,<none>,,,unspecified,none,,,,true,+,store,<none>
F87200,GCX,F87200-GCX - Industrial Design,false,store,false,,<none>,,,unspecified,none,,,,true,+,store,<none>
F87220,GCX,F87220-GCX - Studio,false,store,false,,<none>,,,unspecified,none,,,,true,+,store,<none>
F87260,GCX,F87260-GCX - Consumer Insights,false,store,false,,<none>,,,unspecified,none,,,,true,+,store,<none>
F87270,GCX,F87270-GCX - Brand Marketing,false,store,false,,<none>,,,unspecified,none,,,,true,+,store,<none>
TOTSELL,Growth,Total Selling Function,false,store,false,,<none>,,,unspecified,none,,,,true,+,store,<none>
SELLCON,TOTSELL,Selling Function - Consumer,false,store,false,,<none>,,,unspecified,none,,,,true,+,store,<none>
F88114,SELLCON,F88114-Sales Commissions,false,store,false,,<none>,,,unspecified,none,,,,true,+,store,<none>
F88100,SELLCON,F88100-Selling Organizations - Channel,false,store,false,,<none>,,,unspecified,none,,,,true,+,store,<none>
F88101S,SELLCON,Selling Organizations - Consumer,false,store,false,,<none>,,,unspecified,none,,,,true,+,store,<none>
F88101_00,F88101S,F88101_00-Selling Org - Consumer Gen,false,store,false,,<none>,,,unspecified,none,,,,true,+,store,<none>
F88113,SELLCON,F88113-Salesforce Dept,false,store,false,,<none>,,,unspecified,none,,,,true,+,store,<none>
F88111,SELLCON,F88111-Key Account Management,false,store,false,,<none>,,,unspecified,none,,,,true,+,store,<none>
F88112,SELLCON,F88112-Sales Management,false,store,false,,<none>,,,unspecified,none,,,,true,+,store,<none>
F88140,SELLCON,F88140-Selling Other,false,store,false,,<none>,,,unspecified,none,,,,true,+,store,<none>
F88150,SELLCON,F88150-SellCon Allocations In,false,store,false,,<none>,,,unspecified,none,,,,true,+,store,<none>
SELLSUPPORT,TOTSELL,Sales Support,false,store,false,,<none>,,,unspecified,none,,,,true,+,store,<none>
F88105,SELLSUPPORT,F88105-Sales Support - Consumer,false,store,false,,<none>,,,unspecified,none,,,,true,+,store,<none>
F88200,SELLSUPPORT,F88200-SBDU,false,store,false,,<none>,,,unspecified,none,,,,true,+,store,<none>
F88201,SELLSUPPORT,F88201-PT,false,store,false,,<none>,,,unspecified,none,,,,true,+,store,<none>
F88202,SELLSUPPORT,F88202-LIT,false,store,false,,<none>,,,unspecified,none,,,,true,+,store,<none>
F88203,SELLSUPPORT,F88203-Recruitment,false,store,false,,<none>,,,unspecified,none,,,,true,+,store,<none>
F88204,SELLSUPPORT,F88204-GDPC,false,store,false,,<none>,,,unspecified,none,,,,true,+,store,<none>
F88103,SELLSUPPORT,F88103-Field Service - Consumer,false,store,false,,<none>,,,unspecified,none,,,,true,+,store,<none>
F88104,SELLSUPPORT,F88104-Sales Service - Consumer,false,store,false,,<none>,,,unspecified,none,,,,true,+,store,<none>
F88151,SELLSUPPORT,F88151-Service Operations,false,store,false,,<none>,,,unspecified,none,,,,true,+,store,<none>
F88152,SELLSUPPORT,F88152-Service Operations - Agents,false,store,false,,<none>,,,unspecified,none,,,,true,+,store,<none>
F88158,SELLSUPPORT,F88158-Factory Store Other,false,store,false,,<none>,,,unspecified,none,,,,true,+,store,<none>
F88153,SELLSUPPORT,F88153-Factory Store Doncaster,false,store,false,,<none>,,,unspecified,none,,,,true,+,store,<none>
F88155,SELLSUPPORT,F88155-Factory Store Manchester,false,store,false,,<none>,,,unspecified,none,,,,true,+,store,<none>
F88154,SELLSUPPORT,F88154-Factory Store Metz,false,store,false,,<none>,,,unspecified,none,,,,true,+,store,<none>
F88157,SELLSUPPORT,F88157-Factory Store Spennymoor,false,store,false,,<none>,,,unspecified,none,,,,true,+,store,<none>
F88156,SELLSUPPORT,F88156-Factory Store Troyes,false,store,false,,<none>,,,unspecified,none,,,,true,+,store,<none>
F88250,SELLSUPPORT,F88250-Product Services,false,store,false,,<none>,,,unspecified,none,,,,true,+,store,<none>
SELLIND,TOTSELL,Selling Function - Industrial,false,store,false,,<none>,,,unspecified,none,,,,true,+,store,<none>
F88501,SELLIND,F88501-Selling Organizations - Industrial,false,store,false,,<none>,,,unspecified,none,,,,true,+,store,<none>
F88502,SELLIND,F88502-Customer Service - Industrial,false,store,false,,<none>,,,unspecified,none,,,,true,+,store,<none>
F88503,SELLIND,F88503-Sales Service - Industrial,false,store,false,,<none>,,,unspecified,none,,,,true,+,store,<none>
F88504,SELLIND,F88504-Field Services - Industrial,false,store,false,,<none>,,,unspecified,none,,,,true,+,store,<none>
F88505,SELLIND,F88505-Sales Support - Industrial,false,store,false,,<none>,,,unspecified,none,,,,true,+,store,<none>
SELLOTH,TOTSELL,Selling Function - Other,false,store,false,,<none>,,,unspecified,none,,,,true,+,store,<none>
F88601,SELLOTH,F88601-Selling Organizations - Other,false,store,false,,<none>,,,unspecified,none,,,,true,+,store,<none>
F88603,SELLOTH,F88603-Sales Services - Other,false,store,false,,<none>,,,unspecified,none,,,,true,+,store,<none>
F88604,SELLOTH,F88604-Field Services - Other,false,store,false,,<none>,,,unspecified,none,,,,true,+,store,<none>
F88605,SELLOTH,F88605-Customer Service - Other,false,store,false,,<none>,,,unspecified,none,,,,true,+,store,<none>
F88606,SELLOTH,F88606-Sales Support Other,false,store,false,,<none>,,,unspecified,none,,,,true,+,store,<none>
CUSTSERV,Growth,Total Customer Service,false,store,false,,<none>,,,unspecified,none,,,,true,+,store,<none>
F88102,CUSTSERV,F88102-Customer Service - Core,false,store,false,,<none>,,,unspecified,none,,,,true,+,store,<none>
F88121,CUSTSERV,F88121-Customer Service - Manager,false,store,false,,<none>,,,unspecified,none,,,,true,+,store,<none>
DIST,SGA,Distribution Function,false,store,false,,<none>,,,unspecified,none,,,,true,+,store,<none>
DISTIND,DIST,Distribution - Volume Based,false,store,false,,<none>,,,unspecified,none,,,,true,+,store,<none>
F89101S,DISTIND,WH Direct,false,store,false,,<none>,,,unspecified,none,,,,true,+,store,<none>
F89101_00,F89101S,F89101_00-WH Direct Base,false,store,false,,<none>,,,unspecified,none,,,,true,+,store,<none>
F89101_3340710,F89101S,F89101_3340710-S3 Warehouse Ops - North Andover,false,store,false,,<none>,,,unspecified,none,,,,true,+,store,<none>
F89101_3340758,F89101S,F89101_3340758-S3 Warehouse Ops - Phoenix,false,store,false,,<none>,,,unspecified,none,,,,true,+,store,<none>
F89101_3340760,F89101S,F89101_3340760-S3 Tool Control,false,store,false,,<none>,,,unspecified,none,,,,true,+,store,<none>
F89101_3340765,F89101S,F89101_3340765-S3 Toolkit Operations,false,store,false,,<none>,,,unspecified,none,,,,true,+,store,<none>
F89101_3340778,F89101S,F89101_3340778-S3 Facilities - Phoenix,false,store,false,,<none>,,,unspecified,none,,,,true,+,store,<none>
F89101_3340790,F89101S,F89101_3340790-S3 Facilities - North Andover,false,store,false,,<none>,,,unspecified,none,,,,true,+,store,<none>
F89112,DISTIND,F89112-WH Indirect,false,store,false,,<none>,,,unspecified,none,,,,true,+,store,<none>
F89111,DISTIND,F89111-WH Facilities,false,store,false,,<none>,,,unspecified,none,,,,true,+,store,<none>
F89113,DISTIND,F89113-WH Other,false,store,false,,<none>,,,unspecified,none,,,,true,+,store,<none>
F89114,DISTIND,F89114-WH Recharge Direct,false,store,false,,<none>,,,unspecified,none,,,,true,+,store,<none>
F89115,DISTIND,F89115-WH Recharge Facilities,false,store,false,,<none>,,,unspecified,none,,,,true,+,store,<none>
F89116,DISTIND,F89116-WH Recharge Indirect,false,store,false,,<none>,,,unspecified,none,,,,true,+,store,<none>
DISTST,DIST,Distribution - Short Term Fixed,false,store,false,,<none>,,,unspecified,none,,,,true,+,store,<none>
F89124,DISTST,F89124-SC Transport,false,store,false,,<none>,,,unspecified,none,,,,true,+,store,<none>
F89125,DISTST,F89125-Logistics Management,false,store,false,,<none>,,,unspecified,none,,,,true,+,store,<none>
F89106,DIST,F89106-Distribution - Long Term Fixed,false,store,false,,<none>,,,unspecified,none,,,,true,+,store,<none>
CGO_Initiatives,Total_Function,CGO Initiatives,false,store,false,,<none>,,,unspecified,none,,,,true,+,store,<none>
CGOGrowth,CGO_Initiatives,CGO Growth,false,store,false,,<none>,,,unspecified,none,,,,true,+,store,<none>
CGOGEM,CGOGrowth,CGO Growth w/GEM,false,store,false,,<none>,,,unspecified,none,,,,true,+,store,<none>
Initiative1,CGOGEM,CGO Initiative 1,false,store,false,,<none>,,,unspecified,none,,,,true,+,store,<none>
Initiative2,CGOGEM,CGO Initiative 2,false,store,false,,<none>,,,unspecified,none,,,,true,+,store,<none>
Initiative3,CGOGEM,CGO Initiative 3,false,store,false,,<none>,,,unspecified,none,,,,true,+,store,<none>
Initiative4,CGOGrowth,CGO Initiative 4,false,store,false,,<none>,,,unspecified,none,,,,true,+,store,<none>
Initiative5,CGOGrowth,CGO Initiative 5,false,store,false,,<none>,,,unspecified,none,,,,true,+,store,<none>
Initiative6,CGOGrowth,CGO Initiative 6,false,store,false,,<none>,,,unspecified,none,,,,true,+,store,<none>
Initiative7,CGOGrowth,CGO Initiative 7,false,store,false,,<none>,,,unspecified,none,,,,true,+,store,<none>
Initiative8,CGOGrowth,CGO Initiative 8,false,store,false,,<none>,,,unspecified,none,,,,true,+,store,<none>
Initiative9,CGOGrowth,CGO Initiative 9,false,store,false,,<none>,,,unspecified,none,,,,true,+,store,<none>
Initiative10,CGOGrowth,CGO Initiative 10,false,store,false,,<none>,,,unspecified,none,,,,true,+,store,<none>
Initiative11,CGOGrowth,CGO Initiative 11,false,store,false,,<none>,,,unspecified,none,,,,true,+,store,<none>
Initiative12,CGOGrowth,CGO Initiative 12,false,store,false,,<none>,,,unspecified,none,,,,true,+,store,<none>
Initiative13,CGOGrowth,CGO Initiative 13,false,store,false,,<none>,,,unspecified,none,,,,true,+,store,<none>
Initiative16,CGOGrowth,CGO Initiative 16,false,store,false,,<none>,,,unspecified,none,,,,true,+,store,<none>
Initiative17,CGOGrowth,CGO Initiative 17,false,store,false,,<none>,,,unspecified,none,,,,true,+,store,<none>
Initiative18,CGOGrowth,CGO Initiative 18,false,store,false,,<none>,,,unspecified,none,,,,true,+,store,<none>
Initiative19,CGOGrowth,CGO Initiative 19,false,store,false,,<none>,,,unspecified,none,,,,true,+,store,<none>
Initiative20,CGOGrowth,CGO Initiative 20,false,store,false,,<none>,,,unspecified,none,,,,true,+,store,<none>
CGOCostSavings,CGO_Initiatives,CGO Cost Savings,false,store,false,,<none>,,,unspecified,none,,,,true,+,store,<none>
CGODTV,CGOCostSavings,CGO DTV,false,store,false,,<none>,,,unspecified,none,,,,true,+,store,<none>
Initiative14,CGODTV,CGO Initiative 14,false,store,false,,<none>,,,unspecified,none,,,,true,+,store,<none>
CGOGSM,CGOCostSavings,CGO GSM,false,store,false,,<none>,,,unspecified,none,,,,true,+,store,<none>
Initiative15,CGOGSM,CGO Initiative 15,false,store,false,,<none>,,,unspecified,none,,,,true,+,store,<none>
G2N_Total,Function,Total G2N Input,false,store,false,,<none>,,,unspecified,none,,,,true,~,store,<none>
FOB_Input,G2N_Total,FOB G2N Input,false,store,false,,<none>,,,unspecified,none,,,,true,+,store,<none>
NONFOB_Input,G2N_Total,Non FOB G2N Input,false,store,false,,<none>,,,unspecified,none,,,,true,+,store,<none>
Rates,Function,Currency Conversion Rates,false,label only,false,,<none>,,,unspecified,none,,,,true,~,label only,<none>
AED,Rates,Arab Emirate Dirham,false,store,false,,<none>,,,unspecified,none,,,,true,never,store,<none>
AOA,Rates,Angolan Kwanza,false,store,false,,<none>,,,unspecified,none,,,,true,never,store,<none>
ARS,Rates,Argentine Peso,false,store,false,,<none>,,,unspecified,none,,,,true,never,store,<none>
AUD,Rates,Australian Dollar,false,store,false,,<none>,,,unspecified,none,,,,true,never,store,<none>
BRL,Rates,Brazilian Real,false,store,false,,<none>,,,unspecified,none,,,,true,never,store,<none>
CAD,Rates,Canadian Dollar,false,store,false,,<none>,,,unspecified,none,,,,true,never,store,<none>
CHF,Rates,Swiss Franc,false,store,false,,<none>,,,unspecified,none,,,,true,never,store,<none>
CLP,Rates,Chilian Peso,false,store,false,,<none>,,,unspecified,none,,,,true,never,store,<none>
CNY,Rates,Chinese Renminbi,false,store,false,,<none>,,,unspecified,none,,,,true,never,store,<none>
COP,Rates,Colombian Peso,false,store,false,,<none>,,,unspecified,none,,,,true,never,store,<none>
CRC,Rates,Costa Rican Colon,false,store,false,,<none>,,,unspecified,none,,,,true,never,store,<none>
CZK,Rates,Czech Koruna,false,store,false,,<none>,,,unspecified,none,,,,true,never,store,<none>
DKK,Rates,Danish Krone,false,store,false,,<none>,,,unspecified,none,,,,true,never,store,<none>
DOP,Rates,Dominican Peso,false,store,false,,<none>,,,unspecified,none,,,,true,never,store,<none>
EUR,Rates,Euro,false,store,false,,<none>,,,unspecified,none,,,,true,never,store,<none>
GBP,Rates,United Kingdom Pound,false,store,false,,<none>,,,unspecified,none,,,,true,never,store,<none>
GTQ,Rates,Guatemalan Quetzal,false,store,false,,<none>,,,unspecified,none,,,,true,never,store,<none>
HKD,Rates,Hong Kong Dollar,false,store,false,,<none>,,,unspecified,none,,,,true,never,store,<none>
HNL,Rates,Honduran Lempira,false,store,false,,<none>,,,unspecified,none,,,,true,never,store,<none>
HUF,Rates,Hungarian Forint,false,store,false,,<none>,,,unspecified,none,,,,true,never,store,<none>
IDR,Rates,Indonesian Rupiah,false,store,false,,<none>,,,unspecified,none,,,,true,never,store,<none>
ILS,Rates,Israeli Shekel,false,store,false,,<none>,,,unspecified,none,,,,true,never,store,<none>
INR,Rates,Indian Rupee,false,store,false,,<none>,,,unspecified,none,,,,true,never,store,<none>
JPY,Rates,Japanese Yen,false,store,false,,<none>,,,unspecified,none,,,,true,never,store,<none>
KRW,Rates,South Koren Won,false,store,false,,<none>,,,unspecified,none,,,,true,never,store,<none>
KZT,Rates,Kazakh Tenge,false,store,false,,<none>,,,unspecified,none,,,,true,never,store,<none>
MAD,Rates,Moroccan Dirham,false,store,false,,<none>,,,unspecified,none,,,,true,never,store,<none>
MXP,Rates,Mexican Peso,false,store,false,,<none>,,,unspecified,none,,,,true,never,store,<none>
MYR,Rates,Malaysian Ringgit,false,store,false,,<none>,,,unspecified,none,,,,true,never,store,<none>
NIO,Rates,Nicaraguan C?rdoba,false,store,false,,<none>,,,unspecified,none,,,,true,never,store,<none>
NOK,Rates,Norwegian Krone,false,store,false,,<none>,,,unspecified,none,,,,true,never,store,<none>
NZD,Rates,New Zealand Dollar,false,store,false,,<none>,,,unspecified,none,,,,true,never,store,<none>
OMR,Rates,Omani Rial,false,store,false,,<none>,,,unspecified,none,,,,true,never,store,<none>
PEN,Rates,Peruvian Nuevo Sol,false,store,false,,<none>,,,unspecified,none,,,,true,never,store,<none>
PHP,Rates,Philippine Peso,false,store,false,,<none>,,,unspecified,none,,,,true,never,store,<none>
PLN,Rates,Polish Zloty,false,store,false,,<none>,,,unspecified,none,,,,true,never,store,<none>
QAR,Rates,Qatar Riyal,false,store,false,,<none>,,,unspecified,none,,,,true,never,store,<none>
RON,Rates,Romanian Leu,false,store,false,,<none>,,,unspecified,none,,,,true,never,store,<none>
RUB,Rates,Russian Rouble,false,store,false,,<none>,,,unspecified,none,,,,true,never,store,<none>
SAR,Rates,Saudi Arabia Riyal,false,store,false,,<none>,,,unspecified,none,,,,true,never,store,<none>
SEK,Rates,Swedish Krona,false,store,false,,<none>,,,unspecified,none,,,,true,never,store,<none>
SGD,Rates,Singaporean Dollar,false,store,false,,<none>,,,unspecified,none,,,,true,never,store,<none>
THB,Rates,Thai Baht,false,store,false,,<none>,,,unspecified,none,,,,true,never,store,<none>
TRY,Rates,Turkish Lira,false,store,false,,<none>,,,unspecified,none,,,,true,never,store,<none>
TWD,Rates,Taiwanese Dollar,false,store,false,,<none>,,,unspecified,none,,,,true,never,store,<none>
USD,Rates,USD Currency,false,store,false,,<none>,,,unspecified,none,,,,true,never,store,<none>
XAF,Rates,CFA Franc BEAC,false,store,false,,<none>,,,unspecified,none,,,,true,never,store,<none>
ZAR,Rates,South African Rand,false,store,false,,<none>,,,unspecified,none,,,,true,never,store,<none>
