﻿#!-- HEADERBLOCK DIMENSION XML
<?xml version="1.0" encoding="UTF-8" ?>
<DIMENSIONS>
 <Dimension csversion="2.5" density="Dense" dimensionName="TimePeriod" name="Period" dimensionType="Time" origname="Period" DimensionAlias="Period" comment="" >
 <Plan1Density>Dense</Plan1Density>
 <Plan2Density>Dense</Plan2Density>
 <Plan3Density>Dense</Plan3Density>
 <Plan4Density>Dense</Plan4Density>
 <Plan5Density>Dense</Plan5Density>
 <Plan6Density>Dense</Plan6Density>
 <Plan7Density>Dense</Plan7Density>
 <Plan8Density>Dense</Plan8Density>
 <Plan9Density>Dense</Plan9Density>
 <Plan10Density>Dense</Plan10Density>
 <Plan11Density>Dense</Plan11Density>
 <Plan12Density>Dense</Plan12Density>
 <Plan13Density>Dense</Plan13Density>
 <Plan14Density>Dense</Plan14Density>
 <Plan15Density>Dense</Plan15Density>
 <EnumOrder1>0</EnumOrder1>
 <EnumOrder2>0</EnumOrder2>
 <EnumOrder3>0</EnumOrder3>
 <EnumOrder4>0</EnumOrder4>
 <EnumOrder5>0</EnumOrder5>
 <EnumOrder6>0</EnumOrder6>
 <EnumOrder7>0</EnumOrder7>
 <EnumOrder8>0</EnumOrder8>
 <EnumOrder9>0</EnumOrder9>
 <EnumOrder10>0</EnumOrder10>
 <EnumOrder11>0</EnumOrder11>
 <EnumOrder12>0</EnumOrder12>
 <EnumOrder13>0</EnumOrder13>
 <EnumOrder14>0</EnumOrder14>
 <EnumOrder15>0</EnumOrder15>
 <Plan1PerfOrder>2</Plan1PerfOrder>
 <Plan2PerfOrder>2</Plan2PerfOrder>
 <Plan3PerfOrder>2</Plan3PerfOrder>
 <Plan4PerfOrder>2</Plan4PerfOrder>
 <Plan5PerfOrder>2</Plan5PerfOrder>
 <Plan6PerfOrder>2</Plan6PerfOrder>
 <Plan7PerfOrder>2</Plan7PerfOrder>
 <Plan8PerfOrder>2</Plan8PerfOrder>
 <Plan9PerfOrder>2</Plan9PerfOrder>
 <Plan10PerfOrder>2</Plan10PerfOrder>
 <Plan11PerfOrder>2</Plan11PerfOrder>
 <Plan12PerfOrder>2</Plan12PerfOrder>
 <Plan13PerfOrder>2</Plan13PerfOrder>
 <Plan14PerfOrder>2</Plan14PerfOrder>
 <Plan15PerfOrder>2</Plan15PerfOrder>
 <ApplySecurity>N</ApplySecurity>
 <DisplayOption>MEMBER_NAME</DisplayOption>
 <Consolidation>~</Consolidation>
 <ConsolidationWF>NotUsed</ConsolidationWF>
 <ConsolidationCX>NotUsed</ConsolidationCX>
 <Consolidation8>NotUsed</Consolidation8>
 <Consolidation16>NotUsed</Consolidation16>
 <Consolidation32>NotUsed</Consolidation32>
 <Consolidation64>NotUsed</Consolidation64>
 <Consolidation128>NotUsed</Consolidation128>
 <Consolidation256>NotUsed</Consolidation256>
 <Consolidation512>NotUsed</Consolidation512>
 <Consolidation1024>NotUsed</Consolidation1024>
 <Consolidation2048>NotUsed</Consolidation2048>
 <Consolidation4096>NotUsed</Consolidation4096>
 <Consolidation8192>NotUsed</Consolidation8192>
 <Consolidation16384>NotUsed</Consolidation16384>
 <ValidForPlan1>Y</ValidForPlan1>
 <ValidForPlan2>N</ValidForPlan2>
 <ValidForPlan3>N</ValidForPlan3>
 <ValidForPlan4>N</ValidForPlan4>
 <ValidForPlan5>N</ValidForPlan5>
 <ValidForPlan6>N</ValidForPlan6>
 <ValidForPlan7>N</ValidForPlan7>
 <ValidForPlan8>N</ValidForPlan8>
 <ValidForPlan9>N</ValidForPlan9>
 <ValidForPlan10>N</ValidForPlan10>
 <ValidForPlan11>N</ValidForPlan11>
 <ValidForPlan12>N</ValidForPlan12>
 <ValidForPlan13>N</ValidForPlan13>
 <ValidForPlan14>N</ValidForPlan14>
 <ValidForPlan15>N</ValidForPlan15>
 <Alias table="Default" ></Alias>
 <DataStorage>LabelOnly</DataStorage>
 <DataStorage2>LabelOnly</DataStorage2>
 <DataStorage4>LabelOnly</DataStorage4>
 <DataStorage8>LabelOnly</DataStorage8>
 <DataStorage16>LabelOnly</DataStorage16>
 <DataStorage32>LabelOnly</DataStorage32>
 <DataStorage64>LabelOnly</DataStorage64>
 <DataStorage128>LabelOnly</DataStorage128>
 <DataStorage256>LabelOnly</DataStorage256>
 <DataStorage512>LabelOnly</DataStorage512>
 <DataStorage1024>LabelOnly</DataStorage1024>
 <DataStorage2048>LabelOnly</DataStorage2048>
 <DataStorage4096>LabelOnly</DataStorage4096>
 <DataStorage8192>LabelOnly</DataStorage8192>
 <DataStorage16384>LabelOnly</DataStorage16384>
 <HierarchyType>None</HierarchyType>
 <DataType>Unspecified</DataType>
</Dimension>
</DIMENSIONS>
#--!
Period, Parent, Alias: Default, Data Storage, Two Pass Calculation, Description, Formula, UDA, Smart List, Data Type, Hierarchy Type, Type, Start Period, End Period, DTS Generation, Aggregation (CALSBD01), Data Storage (CALSBD01), Formula (CALSBD01)
Y-T-D,Period,,dynamic calc and store,false,,<none>,,,unspecified,none,dts,,,0,+,dynamic calc and store,<none>
H-T-D,Period,,dynamic calc and store,false,,<none>,,,unspecified,none,dts,,,0,+,dynamic calc and store,<none>
S-T-D,Period,,dynamic calc and store,false,,<none>,,,unspecified,none,dts,,,0,+,dynamic calc and store,<none>
Q-T-D,Period,,dynamic calc and store,false,,<none>,,,unspecified,none,dts,,,0,+,dynamic calc and store,<none>
P-T-D,Period,,dynamic calc and store,false,,<none>,,,unspecified,none,dts,,,0,+,dynamic calc and store,<none>
M-T-D,Period,,dynamic calc and store,false,,<none>,,,unspecified,none,dts,,,0,+,dynamic calc and store,<none>
W-T-D,Period,,dynamic calc and store,false,,<none>,,,unspecified,none,dts,,,0,+,dynamic calc and store,<none>
D-T-D,Period,,dynamic calc and store,false,,<none>,,,unspecified,none,dts,,,0,+,dynamic calc and store,<none>
BegBalance,Period,,store,false,,<none>,,,unspecified,none,base,,,,~,store,<none>
YearTotal,Period,,dynamic calc,false,,<none>,,,unspecified,stored,year,,,,+,dynamic calc,<none>
H1,YearTotal,First Half of year,dynamic calc,false,,<none>,,,unspecified,stored,rollup,Q1,Q2,,+,dynamic calc,<none>
Q1,H1,,dynamic calc,false,,<none>,,,unspecified,stored,rollup,Jan,Mar,,+,dynamic calc,<none>
Jan,Q1,,store,false,,<none>,,,unspecified,none,base,,,,+,store,<none>
Feb,Q1,,store,false,,<none>,,,unspecified,none,base,,,,+,store,<none>
Mar,Q1,,store,false,,<none>,,,unspecified,none,base,,,,+,store,<none>
Q2,H1,,dynamic calc,false,,<none>,,,unspecified,stored,rollup,Apr,Jun,,+,dynamic calc,<none>
Apr,Q2,,store,false,,<none>,,,unspecified,none,base,,,,+,store,<none>
May,Q2,,store,false,,<none>,,,unspecified,none,base,,,,+,store,<none>
Jun,Q2,,store,false,,<none>,,,unspecified,none,base,,,,+,store,<none>
H2,YearTotal,Second Half of year,dynamic calc,false,,<none>,,,unspecified,stored,rollup,Q3,Q4,,+,dynamic calc,<none>
Q3,H2,,dynamic calc,false,,<none>,,,unspecified,stored,rollup,Jul,Sep,,+,dynamic calc,<none>
Jul,Q3,,store,false,,<none>,,,unspecified,none,base,,,,+,store,<none>
Aug,Q3,,store,false,,<none>,,,unspecified,none,base,,,,+,store,<none>
Sep,Q3,,store,false,,<none>,,,unspecified,none,base,,,,+,store,<none>
Q4,H2,,dynamic calc,false,,<none>,,,unspecified,stored,rollup,Oct,Dec,,+,dynamic calc,<none>
Oct,Q4,,store,false,,<none>,,,unspecified,none,base,,,,+,store,<none>
Nov,Q4,,store,false,,<none>,,,unspecified,none,base,,,,+,store,<none>
Dec,Q4,,store,false,,<none>,,,unspecified,none,base,,,,+,store,<none>
