﻿#!-- HEADERBLOCK DIMENSION XML
<?xml version="1.0" encoding="UTF-8" ?>
<DIMENSIONS>
 <Dimension csversion="2.5" density="Sparse" dimensionName="Scenario" name="Scenario" dimensionType="None" origname="Scenario" DimensionAlias="Scenario" comment="" >
 <Plan1Density>Sparse</Plan1Density>
 <Plan2Density>Sparse</Plan2Density>
 <Plan3Density>Sparse</Plan3Density>
 <Plan4Density>Sparse</Plan4Density>
 <Plan5Density>Sparse</Plan5Density>
 <Plan6Density>Sparse</Plan6Density>
 <Plan7Density>Sparse</Plan7Density>
 <Plan8Density>Sparse</Plan8Density>
 <Plan9Density>Sparse</Plan9Density>
 <Plan10Density>Sparse</Plan10Density>
 <Plan11Density>Sparse</Plan11Density>
 <Plan12Density>Sparse</Plan12Density>
 <Plan13Density>Sparse</Plan13Density>
 <Plan14Density>Sparse</Plan14Density>
 <Plan15Density>Sparse</Plan15Density>
 <EnumOrder1>0</EnumOrder1>
 <EnumOrder2>0</EnumOrder2>
 <EnumOrder3>0</EnumOrder3>
 <EnumOrder4>0</EnumOrder4>
 <EnumOrder5>0</EnumOrder5>
 <EnumOrder6>0</EnumOrder6>
 <EnumOrder7>0</EnumOrder7>
 <EnumOrder8>0</EnumOrder8>
 <EnumOrder9>0</EnumOrder9>
 <EnumOrder10>0</EnumOrder10>
 <EnumOrder11>0</EnumOrder11>
 <EnumOrder12>0</EnumOrder12>
 <EnumOrder13>0</EnumOrder13>
 <EnumOrder14>0</EnumOrder14>
 <EnumOrder15>0</EnumOrder15>
 <Plan1PerfOrder>4</Plan1PerfOrder>
 <Plan2PerfOrder>4</Plan2PerfOrder>
 <Plan3PerfOrder>4</Plan3PerfOrder>
 <Plan4PerfOrder>4</Plan4PerfOrder>
 <Plan5PerfOrder>4</Plan5PerfOrder>
 <Plan6PerfOrder>4</Plan6PerfOrder>
 <Plan7PerfOrder>4</Plan7PerfOrder>
 <Plan8PerfOrder>4</Plan8PerfOrder>
 <Plan9PerfOrder>4</Plan9PerfOrder>
 <Plan10PerfOrder>4</Plan10PerfOrder>
 <Plan11PerfOrder>4</Plan11PerfOrder>
 <Plan12PerfOrder>4</Plan12PerfOrder>
 <Plan13PerfOrder>4</Plan13PerfOrder>
 <Plan14PerfOrder>4</Plan14PerfOrder>
 <Plan15PerfOrder>4</Plan15PerfOrder>
 <ApplySecurity>Y</ApplySecurity>
 <DisplayOption>MEMBER_NAME</DisplayOption>
 <Consolidation>~</Consolidation>
 <ConsolidationWF>NotUsed</ConsolidationWF>
 <ConsolidationCX>NotUsed</ConsolidationCX>
 <Consolidation8>NotUsed</Consolidation8>
 <Consolidation16>NotUsed</Consolidation16>
 <Consolidation32>NotUsed</Consolidation32>
 <Consolidation64>NotUsed</Consolidation64>
 <Consolidation128>NotUsed</Consolidation128>
 <Consolidation256>NotUsed</Consolidation256>
 <Consolidation512>NotUsed</Consolidation512>
 <Consolidation1024>NotUsed</Consolidation1024>
 <Consolidation2048>NotUsed</Consolidation2048>
 <Consolidation4096>NotUsed</Consolidation4096>
 <Consolidation8192>NotUsed</Consolidation8192>
 <Consolidation16384>NotUsed</Consolidation16384>
 <ValidForPlan1>Y</ValidForPlan1>
 <ValidForPlan2>N</ValidForPlan2>
 <ValidForPlan3>N</ValidForPlan3>
 <ValidForPlan4>N</ValidForPlan4>
 <ValidForPlan5>N</ValidForPlan5>
 <ValidForPlan6>N</ValidForPlan6>
 <ValidForPlan7>N</ValidForPlan7>
 <ValidForPlan8>N</ValidForPlan8>
 <ValidForPlan9>N</ValidForPlan9>
 <ValidForPlan10>N</ValidForPlan10>
 <ValidForPlan11>N</ValidForPlan11>
 <ValidForPlan12>N</ValidForPlan12>
 <ValidForPlan13>N</ValidForPlan13>
 <ValidForPlan14>N</ValidForPlan14>
 <ValidForPlan15>N</ValidForPlan15>
 <Alias table="Default" ></Alias>
 <DataStorage>LabelOnly</DataStorage>
 <DataStorage2>LabelOnly</DataStorage2>
 <DataStorage4>LabelOnly</DataStorage4>
 <DataStorage8>LabelOnly</DataStorage8>
 <DataStorage16>LabelOnly</DataStorage16>
 <DataStorage32>LabelOnly</DataStorage32>
 <DataStorage64>LabelOnly</DataStorage64>
 <DataStorage128>LabelOnly</DataStorage128>
 <DataStorage256>LabelOnly</DataStorage256>
 <DataStorage512>LabelOnly</DataStorage512>
 <DataStorage1024>LabelOnly</DataStorage1024>
 <DataStorage2048>LabelOnly</DataStorage2048>
 <DataStorage4096>LabelOnly</DataStorage4096>
 <DataStorage8192>LabelOnly</DataStorage8192>
 <DataStorage16384>LabelOnly</DataStorage16384>
 <HierarchyType>None</HierarchyType>
 <DataType>Unspecified</DataType>
</Dimension>
</DIMENSIONS>
#--!
Scenario, Parent, Alias: Default, Data Storage, Two Pass Calculation, Description, Formula, UDA, Smart List, Data Type, Hierarchy Type, Enable for Dynamic Children, Number of Possible Dynamic Children, Access Granted to Member Creator, Process Management Enabled, Start Year, End Year, Start Period, End Period, Include BegBal, Exchange Table, Aggregation (CALSBD01), Data Storage (CALSBD01), Formula (CALSBD01)
ConstantCurScenarios,Scenario,Constant Currency Scenarios,store,false,,<none>,,,unspecified,none,,,,true,FY13,FY20,Jan,Dec,true,,~,store,<none>
ActBud_Post,ConstantCurScenarios,Actuals Post Allocation @ Budget Rate,store,false,,<none>,,,unspecified,none,,,,true,FY13,FY20,Jan,Dec,true,,~,store,<none>
CFCSTBud_Post,ConstantCurScenarios,Current Forecast Post Allocation @ Budget Rate,store,false,,<none>,,,unspecified,none,,,,true,FY13,FY20,Jan,Dec,true,,~,store,<none>
FCSTCORPBud_Post,ConstantCurScenarios,Corporate Forecast Post Allocation @ Budget Rate,store,false,,<none>,,,unspecified,none,,,,true,FY13,FY20,Jan,Dec,true,,~,store,<none>
FCSTM3Bud_Post,ConstantCurScenarios,Month 3 Forecast Post Allocation @ Budget Rate,store,false,,<none>,,,unspecified,none,,,,true,FY13,FY20,Jan,Dec,true,,~,store,<none>
CFCSTBudNY_Post,ConstantCurScenarios,Current Forecast Post Allocation @ Next Year Budget Rate,store,false,,<none>,,,unspecified,none,,,,true,FY13,FY20,Jan,Dec,true,,~,store,<none>
FCSTCORPBud,ConstantCurScenarios,Corporate Forecast @ Budget Rate,store,false,,<none>,,,unspecified,none,,,,true,FY13,FY20,Jan,Dec,true,,~,store,<none>
StratBud,ConstantCurScenarios,Strat Plan @ Budget Rate,store,false,,<none>,,,unspecified,none,,,,true,FY13,FY20,Jan,Dec,true,,~,store,<none>
STRAT_CYBud,ConstantCurScenarios,Current Year Strat Plan @ Budget Rate,store,false,,<none>,,,unspecified,none,,,,true,FY13,FY20,Jan,Dec,true,,~,store,<none>
ActBud,ConstantCurScenarios,Actual @ Budget Rate,store,false,,<none>,,,unspecified,none,,,,true,FY13,FY20,Jan,Dec,true,,~,store,<none>
ActPrior,ConstantCurScenarios,Actual @ Prior Year Rate,store,false,,<none>,,,unspecified,none,,,,true,FY13,FY20,Jan,Dec,true,,~,store,<none>
CFCSTBud,ConstantCurScenarios,Current Forecast @ Budget Rate,store,false,,<none>,,,unspecified,none,,,,true,FY13,FY20,Jan,Dec,true,,~,store,<none>
CFCSTPrior,ConstantCurScenarios,Current Forecast @ Prior Year Rate,store,false,,<none>,,,unspecified,none,,,,true,FY13,FY20,Jan,Dec,true,,~,store,<none>
CFCSTBudNY,ConstantCurScenarios,Current Forecast @ Next Year Budget Rate,store,false,,<none>,,,unspecified,none,,,,true,FY13,FY20,Jan,Dec,true,,~,store,<none>
FCSTM3Bud,ConstantCurScenarios,Month 3 Forecast @ Budget Rate,store,false,,<none>,,,unspecified,none,,,,true,FY13,FY20,Jan,Dec,true,,~,store,<none>
ALTBudget,ConstantCurScenarios,Budget Alternate,store,false,,<none>,,,unspecified,none,,,,true,FY13,FY20,Jan,Dec,true,,~,store,<none>
ALTBudget_Post,ConstantCurScenarios,Budget Alternate Post Allocation,store,false,,<none>,,,unspecified,none,,,,true,FY13,FY20,Jan,Dec,true,,~,store,<none>
ActQR,ConstantCurScenarios,Actuals @ Quarter Review,store,false,,<none>,,,unspecified,stored,,,,true,FY13,FY20,Jan,Dec,true,,~,store,<none>
ActQR_Post,ConstantCurScenarios,Actuals Post @ Quarter Review,store,false,,<none>,,,unspecified,stored,,,,true,FY13,FY20,Jan,Dec,true,,~,store,<none>
CFCSTQR,ConstantCurScenarios,Forecast @ Quarter Review,store,false,,<none>,,,unspecified,stored,,,,true,FY13,FY20,Jan,Dec,true,,~,store,<none>
CFCSTQR_Post,ConstantCurScenarios,Forecast Post @ Quarter Review,store,false,,<none>,,,unspecified,stored,,,,true,FY13,FY20,Jan,Dec,true,,~,store,<none>
StandardScenarios,Scenario,Standard Scenarios,store,false,,<none>,,,unspecified,none,,,,true,FY13,FY20,Jan,Dec,true,,~,store,<none>
FCSTCORP,StandardScenarios,Corporate Forecast Submission,store,false,,<none>,,,unspecified,none,,,,true,FY13,FY20,Jan,Dec,true,,~,store,<none>
FCSTM3,StandardScenarios,Month 3 Forecast,store,false,,<none>,,,unspecified,none,,,,true,FY13,FY20,Jan,Dec,true,,~,store,<none>
FCSTM2,StandardScenarios,Month 2 Forecast,store,false,,<none>,,,unspecified,none,,,,true,FY13,FY20,Jan,Dec,true,,~,store,<none>
STRAT,StandardScenarios,Strat Plan,store,false,,<none>,,,unspecified,none,,,,true,FY13,FY20,Jan,Dec,true,,~,store,<none>
STRAT_CY,StandardScenarios,Current Year Strat Plan,store,false,,<none>,,,unspecified,none,,,,true,FY13,FY20,Jan,Dec,true,,~,store,<none>
Actual,StandardScenarios,Actuals,store,false,,<none>,,,unspecified,none,,,,true,FY13,FY20,Jan,Dec,true,,~,store,<none>
Actual_Ledger,StandardScenarios,Actuals Ledger,store,false,,<none>,,,unspecified,none,,,,true,FY13,FY20,Jan,Dec,true,,~,store,<none>
Actual_Adj1,StandardScenarios,Actuals Adjustment 1,store,false,,<none>,,,unspecified,none,,,,true,FY13,FY20,Jan,Dec,true,,~,store,<none>
Actual_Adj2,StandardScenarios,Actuals Adjustment 2,store,false,,<none>,,,unspecified,none,,,,true,FY13,FY20,Jan,Dec,true,,~,store,<none>
Actual_Adj3,StandardScenarios,Actuals Adjustment 3,store,false,,<none>,,,unspecified,none,,,,true,FY13,FY20,Jan,Dec,true,,~,store,<none>
Budget,StandardScenarios,Budget Scenario,store,false,,<none>,,,unspecified,none,,,,true,FY13,FY20,Jan,Dec,true,,~,store,<none>
FCSTM2_Post,StandardScenarios,Month 2 Forecast Post Allocation,store,false,,<none>,,,unspecified,none,,,,true,FY13,FY20,Jan,Dec,true,,~,store,<none>
FCSTM3_Post,StandardScenarios,Month 3 Forecast Post Allocation,store,false,,<none>,,,unspecified,none,,,,true,FY13,FY20,Jan,Dec,true,,~,store,<none>
STRAT_CY_Post,StandardScenarios,Current Year Strat Plan Post Allocation,store,false,,<none>,,,unspecified,none,,,,true,FY13,FY20,Jan,Dec,true,,~,store,<none>
STRAT_Post,StandardScenarios,Strat Plan Post Allocation,store,false,,<none>,,,unspecified,none,,,,true,FY13,FY20,Jan,Dec,true,,~,store,<none>
Actual_Post,StandardScenarios,Actuals Post Allocation,store,false,,<none>,,,unspecified,none,,,,true,FY13,FY20,Jan,Dec,true,,~,store,<none>
Budget_Post,StandardScenarios,Budget Post Allocation,store,false,,<none>,,,unspecified,none,,,,true,FY13,FY20,Jan,Dec,true,,~,store,<none>
CFCST_Post,StandardScenarios,Current Forecast Post Allocation,store,false,,<none>,,,unspecified,none,,,,true,FY13,FY20,Jan,Dec,true,,~,store,<none>
FCSTCORP_Post,StandardScenarios,Corporate Forecast Post Allocation,store,false,,<none>,,,unspecified,none,,,,true,FY13,FY20,Jan,Dec,true,,~,store,<none>
Seeded_FCST01,StandardScenarios,Jan CFCST Seeded,store,false,,<none>,,,unspecified,none,,,,true,FY13,FY20,Jan,Dec,true,,~,store,<none>
Seeded_FCST02,StandardScenarios,Feb CFCST Seeded,store,false,,<none>,,,unspecified,none,,,,true,FY13,FY20,Jan,Dec,true,,~,store,<none>
Seeded_FCST03,StandardScenarios,Mar CFCST Seeded,store,false,,<none>,,,unspecified,none,,,,true,FY13,FY20,Jan,Dec,true,,~,store,<none>
Seeded_FCST04,StandardScenarios,Apr CFCST Seeded,store,false,,<none>,,,unspecified,none,,,,true,FY13,FY20,Jan,Dec,true,,~,store,<none>
Seeded_FCST05,StandardScenarios,May CFCST Seeded,store,false,,<none>,,,unspecified,none,,,,true,FY13,FY20,Jan,Dec,true,,~,store,<none>
Seeded_FCST06,StandardScenarios,Jun CFCST Seeded,store,false,,<none>,,,unspecified,none,,,,true,FY13,FY20,Jan,Dec,true,,~,store,<none>
Seeded_FCST07,StandardScenarios,Jul CFCST Seeded,store,false,,<none>,,,unspecified,none,,,,true,FY13,FY20,Jan,Dec,true,,~,store,<none>
Seeded_FCST08,StandardScenarios,Aug CFCST Seeded,store,false,,<none>,,,unspecified,none,,,,true,FY13,FY20,Jan,Dec,true,,~,store,<none>
Seeded_FCST09,StandardScenarios,Sep CFCST Seeded,store,false,,<none>,,,unspecified,none,,,,true,FY13,FY20,Jan,Dec,true,,~,store,<none>
Seeded_FCST10,StandardScenarios,Oct CFCST Seeded,store,false,,<none>,,,unspecified,none,,,,true,FY13,FY20,Jan,Dec,true,,~,store,<none>
Seeded_FCST11,StandardScenarios,Nov CFCST Seeded,store,false,,<none>,,,unspecified,none,,,,true,FY13,FY20,Jan,Dec,true,,~,store,<none>
Seeded_FCST12,StandardScenarios,Dec CFCST Seeded,store,false,,<none>,,,unspecified,none,,,,true,FY13,FY20,Jan,Dec,true,,~,store,<none>
CFCST_Tot,StandardScenarios,,store,false,,<none>,,,unspecified,none,,,,true,FY13,FY20,Jan,Dec,true,,+,store,<none>
CFCST,CFCST_Tot,Current Forecast,store,false,,<none>,,,unspecified,none,,,,true,FY13,FY20,Jan,Dec,true,,+,store,<none>
VarianceScenarios,Scenario,Variance Scenarios,store,false,,<none>,,,unspecified,none,,,,true,FY13,FY20,Jan,Dec,true,,~,store,<none>
ActvBudatBud,VarianceScenarios,Actual @ Bud Rate vs Budget,store,false,,<none>,,,unspecified,none,,,,true,FY13,FY20,Jan,Dec,true,,~,store,<none>
ActvFCSTCORP,VarianceScenarios,Actual vs Corp Forecast,store,false,,<none>,,,unspecified,none,,,,true,FY13,FY20,Jan,Dec,true,,~,store,<none>
CFCSTvFCSTCORP,VarianceScenarios,Current Forecast vs Corp Forecast,store,false,,<none>,,,unspecified,none,,,,true,FY13,FY20,Jan,Dec,true,,~,store,<none>
CFCSTvBud,VarianceScenarios,Current Forecast vs Budget,store,false,,<none>,,,unspecified,none,,,,true,FY13,FY20,Jan,Dec,true,,~,store,<none>
ActvCFCST,VarianceScenarios,Actual vs Current Forecast,store,false,,<none>,,,unspecified,none,,,,true,FY13,FY20,Jan,Dec,true,,~,store,<none>
ActvBud,VarianceScenarios,Actual vs Budget,store,false,,<none>,,,unspecified,none,,,,true,FY13,FY20,Jan,Dec,true,,~,store,<none>
ActvPrior,VarianceScenarios,Actual vs Prior Year,store,false,,<none>,,,unspecified,none,,,,true,FY13,FY20,Jan,Dec,true,,~,store,<none>
CFCSTvPrior,VarianceScenarios,Current Forecast vs Prior Year,store,false,,<none>,,,unspecified,none,,,,true,FY13,FY20,Jan,Dec,true,,~,store,<none>
BudvPrior,VarianceScenarios,Budget vs Prior Year,store,false,,<none>,,,unspecified,none,,,,true,FY13,FY20,Jan,Dec,true,,~,store,<none>
AcqHistory,Scenario,Acquisition History,store,false,,<none>,,,unspecified,none,,,,true,FY13,FY20,Jan,Dec,true,,~,store,<none>
