﻿#!-- HEADERBLOCK DIMENSION XML
<?xml version="1.0" encoding="UTF-8" ?>
<DIMENSIONS>
 <Dimension csversion="2.5" density="Sparse" dimensionName="Custom" name="Ship-To Geography" dimensionType="None" origname="Ship-To Geography" DimensionAlias="Ship-To Geography" comment="" >
 <Plan1Density>Sparse</Plan1Density>
 <Plan2Density>Sparse</Plan2Density>
 <Plan3Density>Sparse</Plan3Density>
 <Plan4Density>Sparse</Plan4Density>
 <Plan5Density>Sparse</Plan5Density>
 <Plan6Density>Sparse</Plan6Density>
 <Plan7Density>Sparse</Plan7Density>
 <Plan8Density>Sparse</Plan8Density>
 <Plan9Density>Sparse</Plan9Density>
 <Plan10Density>Sparse</Plan10Density>
 <Plan11Density>Sparse</Plan11Density>
 <Plan12Density>Sparse</Plan12Density>
 <Plan13Density>Sparse</Plan13Density>
 <Plan14Density>Sparse</Plan14Density>
 <Plan15Density>Sparse</Plan15Density>
 <EnumOrder1>0</EnumOrder1>
 <EnumOrder2>0</EnumOrder2>
 <EnumOrder3>0</EnumOrder3>
 <EnumOrder4>0</EnumOrder4>
 <EnumOrder5>0</EnumOrder5>
 <EnumOrder6>0</EnumOrder6>
 <EnumOrder7>0</EnumOrder7>
 <EnumOrder8>0</EnumOrder8>
 <EnumOrder9>0</EnumOrder9>
 <EnumOrder10>0</EnumOrder10>
 <EnumOrder11>0</EnumOrder11>
 <EnumOrder12>0</EnumOrder12>
 <EnumOrder13>0</EnumOrder13>
 <EnumOrder14>0</EnumOrder14>
 <EnumOrder15>0</EnumOrder15>
 <Plan1PerfOrder>7</Plan1PerfOrder>
 <Plan2PerfOrder>12</Plan2PerfOrder>
 <Plan3PerfOrder>12</Plan3PerfOrder>
 <Plan4PerfOrder>12</Plan4PerfOrder>
 <Plan5PerfOrder>12</Plan5PerfOrder>
 <Plan6PerfOrder>12</Plan6PerfOrder>
 <Plan7PerfOrder>12</Plan7PerfOrder>
 <Plan8PerfOrder>0</Plan8PerfOrder>
 <Plan9PerfOrder>0</Plan9PerfOrder>
 <Plan10PerfOrder>0</Plan10PerfOrder>
 <Plan11PerfOrder>0</Plan11PerfOrder>
 <Plan12PerfOrder>0</Plan12PerfOrder>
 <Plan13PerfOrder>0</Plan13PerfOrder>
 <Plan14PerfOrder>0</Plan14PerfOrder>
 <Plan15PerfOrder>0</Plan15PerfOrder>
 <ApplySecurity>N</ApplySecurity>
 <DisplayOption>MEMBER_NAME</DisplayOption>
 <Consolidation>~</Consolidation>
 <ConsolidationWF>NotUsed</ConsolidationWF>
 <ConsolidationCX>NotUsed</ConsolidationCX>
 <Consolidation8>NotUsed</Consolidation8>
 <Consolidation16>NotUsed</Consolidation16>
 <Consolidation32>NotUsed</Consolidation32>
 <Consolidation64>NotUsed</Consolidation64>
 <Consolidation128>NotUsed</Consolidation128>
 <Consolidation256>NotUsed</Consolidation256>
 <Consolidation512>NotUsed</Consolidation512>
 <Consolidation1024>NotUsed</Consolidation1024>
 <Consolidation2048>NotUsed</Consolidation2048>
 <Consolidation4096>NotUsed</Consolidation4096>
 <Consolidation8192>NotUsed</Consolidation8192>
 <Consolidation16384>NotUsed</Consolidation16384>
 <ValidForPlan1>Y</ValidForPlan1>
 <ValidForPlan2>N</ValidForPlan2>
 <ValidForPlan3>N</ValidForPlan3>
 <ValidForPlan4>N</ValidForPlan4>
 <ValidForPlan5>N</ValidForPlan5>
 <ValidForPlan6>N</ValidForPlan6>
 <ValidForPlan7>N</ValidForPlan7>
 <ValidForPlan8>N</ValidForPlan8>
 <ValidForPlan9>N</ValidForPlan9>
 <ValidForPlan10>N</ValidForPlan10>
 <ValidForPlan11>N</ValidForPlan11>
 <ValidForPlan12>N</ValidForPlan12>
 <ValidForPlan13>N</ValidForPlan13>
 <ValidForPlan14>N</ValidForPlan14>
 <ValidForPlan15>N</ValidForPlan15>
 <Alias table="Default" >Total Ship-To Geography</Alias>
 <DataStorage>StoreData</DataStorage>
 <DataStorage2>StoreData</DataStorage2>
 <DataStorage4>StoreData</DataStorage4>
 <DataStorage8>StoreData</DataStorage8>
 <DataStorage16>StoreData</DataStorage16>
 <DataStorage32>StoreData</DataStorage32>
 <DataStorage64>StoreData</DataStorage64>
 <DataStorage128>StoreData</DataStorage128>
 <DataStorage256>StoreData</DataStorage256>
 <DataStorage512>StoreData</DataStorage512>
 <DataStorage1024>StoreData</DataStorage1024>
 <DataStorage2048>StoreData</DataStorage2048>
 <DataStorage4096>StoreData</DataStorage4096>
 <DataStorage8192>StoreData</DataStorage8192>
 <DataStorage16384>StoreData</DataStorage16384>
 <HierarchyType>None</HierarchyType>
 <DataType>Unspecified</DataType>
</Dimension>
</DIMENSIONS>
#--!
Ship-To Geography, Parent, Alias: Default, Valid For Consolidations, Data Storage, Two Pass Calculation, Description, Formula, UDA, Smart List, Data Type, Hierarchy Type, Enable for Dynamic Children, Number of Possible Dynamic Children, Access Granted to Member Creator, Plan Type (CALSBD01), Aggregation (CALSBD01), Data Storage (CALSBD01), Formula (CALSBD01)
Geography,Ship-To Geography,,false,store,false,,<none>,,,unspecified,stored,,,,true,+,store,<none>
GEO_None,Geography,No Geography,false,store,false,,<none>,,,unspecified,stored,,,,true,+,store,<none>
US,Geography,United States,false,store,false,,<none>,,,unspecified,stored,,,,true,+,store,<none>
CA,Geography,Canada,false,store,false,,<none>,,,unspecified,stored,,,,true,+,store,<none>
EURDev,Geography,Europe,false,store,false,,<none>,,,unspecified,stored,,,,true,+,store,<none>
EURNorth,EURDev,Northern Europe,false,store,false,,<none>,,,unspecified,stored,,,,true,+,store,<none>
AX,EURNorth,Aland Islands,false,store,false,,<none>,,,unspecified,stored,,,,true,+,store,<none>
GG,EURNorth,Guernsey,false,store,false,,<none>,,,unspecified,stored,,,,true,+,store,<none>
IM,EURNorth,Isle of Man,false,store,false,,<none>,,,unspecified,stored,,,,true,+,store,<none>
JE,EURNorth,Jersey,false,store,false,,<none>,,,unspecified,stored,,,,true,+,store,<none>
BV,EURNorth,Bouvet Island,false,store,false,,<none>,,,unspecified,stored,,,,true,+,store,<none>
DK,EURNorth,Denmark,false,store,false,,<none>,,,unspecified,stored,,,,true,+,store,<none>
FO,EURNorth,Faroe Islands,false,store,false,,<none>,,,unspecified,stored,,,,true,+,store,<none>
FI,EURNorth,Finland,false,store,false,,<none>,,,unspecified,stored,,,,true,+,store,<none>
GI,EURNorth,Gibraltar,false,store,false,,<none>,,,unspecified,stored,,,,true,+,store,<none>
GL,EURNorth,Greenland,false,store,false,,<none>,,,unspecified,stored,,,,true,+,store,<none>
IS,EURNorth,Iceland,false,store,false,,<none>,,,unspecified,stored,,,,true,+,store,<none>
IE,EURNorth,Ireland,false,store,false,,<none>,,,unspecified,stored,,,,true,+,store,<none>
NO,EURNorth,Norway,false,store,false,,<none>,,,unspecified,stored,,,,true,+,store,<none>
SH,EURNorth,St. Helena,false,store,false,,<none>,,,unspecified,stored,,,,true,+,store,<none>
SJ,EURNorth,Svalbard and Jan Mayen Islands,false,store,false,,<none>,,,unspecified,stored,,,,true,+,store,<none>
SE,EURNorth,Sweden,false,store,false,,<none>,,,unspecified,stored,,,,true,+,store,<none>
GB,EURNorth,United Kingdom,false,store,false,,<none>,,,unspecified,stored,,,,true,+,store,<none>
EURWest,EURDev,Western Europe,false,store,false,,<none>,,,unspecified,stored,,,,true,+,store,<none>
AT,EURWest,Austria,false,store,false,,<none>,,,unspecified,stored,,,,true,+,store,<none>
BE,EURWest,Belgium,false,store,false,,<none>,,,unspecified,stored,,,,true,+,store,<none>
FR,EURWest,France,false,store,false,,<none>,,,unspecified,stored,,,,true,+,store,<none>
DE,EURWest,Germany,false,store,false,,<none>,,,unspecified,stored,,,,true,+,store,<none>
LI,EURWest,Liechtenstein,false,store,false,,<none>,,,unspecified,stored,,,,true,+,store,<none>
LU,EURWest,Luxembourg,false,store,false,,<none>,,,unspecified,stored,,,,true,+,store,<none>
NL,EURWest,Netherlands,false,store,false,,<none>,,,unspecified,stored,,,,true,+,store,<none>
PT,EURWest,Portugal,false,store,false,,<none>,,,unspecified,stored,,,,true,+,store,<none>
ES,EURWest,Spain,false,store,false,,<none>,,,unspecified,stored,,,,true,+,store,<none>
CH,EURWest,Switzerland,false,store,false,,<none>,,,unspecified,stored,,,,true,+,store,<none>
EURSOUTH,EURDev,Southern Europe,false,store,false,,<none>,,,unspecified,stored,,,,true,+,store,<none>
AL,EURSOUTH,Albania,false,store,false,,<none>,,,unspecified,stored,,,,true,+,store,<none>
AD,EURSOUTH,Andorra,false,store,false,,<none>,,,unspecified,stored,,,,true,+,store,<none>
CY,EURSOUTH,Cyprus,false,store,false,,<none>,,,unspecified,stored,,,,true,+,store,<none>
GR,EURSOUTH,Greece,false,store,false,,<none>,,,unspecified,stored,,,,true,+,store,<none>
IT,EURSOUTH,Italy,false,store,false,,<none>,,,unspecified,stored,,,,true,+,store,<none>
MT,EURSOUTH,Malta,false,store,false,,<none>,,,unspecified,stored,,,,true,+,store,<none>
YT,EURSOUTH,Mayotte,false,store,false,,<none>,,,unspecified,stored,,,,true,+,store,<none>
MC,EURSOUTH,Monaco,false,store,false,,<none>,,,unspecified,stored,,,,true,+,store,<none>
NC,EURSOUTH,New Caledonia,false,store,false,,<none>,,,unspecified,stored,,,,true,+,store,<none>
RE,EURSOUTH,Reunion,false,store,false,,<none>,,,unspecified,stored,,,,true,+,store,<none>
SM,EURSOUTH,San Marino,false,store,false,,<none>,,,unspecified,stored,,,,true,+,store,<none>
VA,EURSOUTH,Vatican City,false,store,false,,<none>,,,unspecified,stored,,,,true,+,store,<none>
JP,Geography,Japan,false,store,false,,<none>,,,unspecified,stored,,,,true,+,store,<none>
ANZ,Geography,Australia/New Zealand,false,store,false,,<none>,,,unspecified,stored,,,,true,+,store,<none>
AU,ANZ,Australia,false,store,false,,<none>,,,unspecified,stored,,,,true,+,store,<none>
NZ,ANZ,New Zealand,false,store,false,,<none>,,,unspecified,stored,,,,true,+,store,<none>
EMGMKTS,Geography,Emerging Markets,false,store,false,,<none>,,,unspecified,stored,,,,true,+,store,<none>
LATAM,EMGMKTS,Latin America,false,store,false,,<none>,,,unspecified,stored,,,,true,+,store,<none>
MX,LATAM,Mexico,false,store,false,,<none>,,,unspecified,stored,,,,true,+,store,<none>
CRBN,LATAM,Caribbean,false,store,false,,<none>,,,unspecified,stored,,,,true,+,store,<none>
AG,CRBN,Antigua and Barbuda,false,store,false,,<none>,,,unspecified,stored,,,,true,+,store,<none>
AI,CRBN,Anguilla,false,store,false,,<none>,,,unspecified,stored,,,,true,+,store,<none>
AN,CRBN,Dutch Antilles,false,store,false,,<none>,,,unspecified,stored,,,,true,+,store,<none>
AW,CRBN,Aruba,false,store,false,,<none>,,,unspecified,stored,,,,true,+,store,<none>
BB,CRBN,Barbados,false,store,false,,<none>,,,unspecified,stored,,,,true,+,store,<none>
BM,CRBN,Bermuda,false,store,false,,<none>,,,unspecified,stored,,,,true,+,store,<none>
BQ,CRBN,Bonaire  Sint Eustatius and Saba,false,store,false,,<none>,,,unspecified,stored,,,,true,+,store,<none>
BS,CRBN,Bahamas,false,store,false,,<none>,,,unspecified,stored,,,,true,+,store,<none>
CW,CRBN,Cura?ao,false,store,false,,<none>,,,unspecified,stored,,,,true,+,store,<none>
DM,CRBN,Dominica,false,store,false,,<none>,,,unspecified,stored,,,,true,+,store,<none>
KN,CRBN,Saint Kitts and Nevis,false,store,false,,<none>,,,unspecified,stored,,,,true,+,store,<none>
LC,CRBN,Saint Lucia,false,store,false,,<none>,,,unspecified,stored,,,,true,+,store,<none>
MF,CRBN,Saint Martin,false,store,false,,<none>,,,unspecified,stored,,,,true,+,store,<none>
MS,CRBN,Montserrat,false,store,false,,<none>,,,unspecified,stored,,,,true,+,store,<none>
SX,CRBN,Sint Maarten,false,store,false,,<none>,,,unspecified,stored,,,,true,+,store,<none>
TC,CRBN,Turks and Caicos Islands,false,store,false,,<none>,,,unspecified,stored,,,,true,+,store,<none>
VC,CRBN,Saint Vincent and Grenadines,false,store,false,,<none>,,,unspecified,stored,,,,true,+,store,<none>
VG,CRBN,British Virgin Islands,false,store,false,,<none>,,,unspecified,stored,,,,true,+,store,<none>
VI,CRBN,US Virgin Islands,false,store,false,,<none>,,,unspecified,stored,,,,true,+,store,<none>
KY,CRBN,Cayman Islands,false,store,false,,<none>,,,unspecified,stored,,,,true,+,store,<none>
CU,CRBN,Cuba,false,store,false,,<none>,,,unspecified,stored,,,,true,+,store,<none>
DO,CRBN,Dominican Republic,false,store,false,,<none>,,,unspecified,stored,,,,true,+,store,<none>
GD,CRBN,Grenada,false,store,false,,<none>,,,unspecified,stored,,,,true,+,store,<none>
GP,CRBN,Guadeloupe,false,store,false,,<none>,,,unspecified,stored,,,,true,+,store,<none>
HT,CRBN,Haiti,false,store,false,,<none>,,,unspecified,stored,,,,true,+,store,<none>
JM,CRBN,Jamaica,false,store,false,,<none>,,,unspecified,stored,,,,true,+,store,<none>
PR,CRBN,Puerto Rico,false,store,false,,<none>,,,unspecified,stored,,,,true,+,store,<none>
BL,CRBN,Saint Barthelemy,false,store,false,,<none>,,,unspecified,stored,,,,true,+,store,<none>
PM,CRBN,St. Pierre and Miquelon,false,store,false,,<none>,,,unspecified,stored,,,,true,+,store,<none>
TT,CRBN,Trinidad and Tobago,false,store,false,,<none>,,,unspecified,stored,,,,true,+,store,<none>
CENTAMER,LATAM,Central America,false,store,false,,<none>,,,unspecified,stored,,,,true,+,store,<none>
BZ,CENTAMER,Belize,false,store,false,,<none>,,,unspecified,stored,,,,true,+,store,<none>
CR,CENTAMER,Costa Rica,false,store,false,,<none>,,,unspecified,stored,,,,true,+,store,<none>
SV,CENTAMER,El Salvador,false,store,false,,<none>,,,unspecified,stored,,,,true,+,store,<none>
GT,CENTAMER,Guatemala,false,store,false,,<none>,,,unspecified,stored,,,,true,+,store,<none>
HN,CENTAMER,Honduras,false,store,false,,<none>,,,unspecified,stored,,,,true,+,store,<none>
NI,CENTAMER,Nicaragua,false,store,false,,<none>,,,unspecified,stored,,,,true,+,store,<none>
PA,CENTAMER,Panama,false,store,false,,<none>,,,unspecified,stored,,,,true,+,store,<none>
SOUTHAMER,LATAM,South America,false,store,false,,<none>,,,unspecified,stored,,,,true,+,store,<none>
GS,SOUTHAMER,S Georgia and S Sandwich Islands,false,store,false,,<none>,,,unspecified,stored,,,,true,+,store,<none>
HM,SOUTHAMER,Heard and McDonald Islands,false,store,false,,<none>,,,unspecified,stored,,,,true,+,store,<none>
AR,SOUTHAMER,Argentina,false,store,false,,<none>,,,unspecified,stored,,,,true,+,store,<none>
BO,SOUTHAMER,Bolivia,false,store,false,,<none>,,,unspecified,stored,,,,true,+,store,<none>
BR,SOUTHAMER,Brazil,false,store,false,,<none>,,,unspecified,stored,,,,true,+,store,<none>
CL,SOUTHAMER,Chile,false,store,false,,<none>,,,unspecified,stored,,,,true,+,store,<none>
CO,SOUTHAMER,Colombia,false,store,false,,<none>,,,unspecified,stored,,,,true,+,store,<none>
EC,SOUTHAMER,Ecuador,false,store,false,,<none>,,,unspecified,stored,,,,true,+,store,<none>
FK,SOUTHAMER,Falkland Islands,false,store,false,,<none>,,,unspecified,stored,,,,true,+,store,<none>
GF,SOUTHAMER,French Guiana,false,store,false,,<none>,,,unspecified,stored,,,,true,+,store,<none>
GY,SOUTHAMER,Guyana,false,store,false,,<none>,,,unspecified,stored,,,,true,+,store,<none>
MQ,SOUTHAMER,Martinique,false,store,false,,<none>,,,unspecified,stored,,,,true,+,store,<none>
PY,SOUTHAMER,Paraguay,false,store,false,,<none>,,,unspecified,stored,,,,true,+,store,<none>
PE,SOUTHAMER,Peru,false,store,false,,<none>,,,unspecified,stored,,,,true,+,store,<none>
SR,SOUTHAMER,Suriname,false,store,false,,<none>,,,unspecified,stored,,,,true,+,store,<none>
UY,SOUTHAMER,Uruguay,false,store,false,,<none>,,,unspecified,stored,,,,true,+,store,<none>
VE,SOUTHAMER,Venezuela,false,store,false,,<none>,,,unspecified,stored,,,,true,+,store,<none>
EUREAST,EMGMKTS,Eastern Europe,false,store,false,,<none>,,,unspecified,stored,,,,true,+,store,<none>
YU,EUREAST,Yugoslavia,false,store,false,,<none>,,,unspecified,stored,,,,true,+,store,<none>
AM,EUREAST,Armenia,false,store,false,,<none>,,,unspecified,stored,,,,true,+,store,<none>
AZ,EUREAST,Azerbaijan,false,store,false,,<none>,,,unspecified,stored,,,,true,+,store,<none>
BY,EUREAST,Belarus,false,store,false,,<none>,,,unspecified,stored,,,,true,+,store,<none>
BA,EUREAST,Bosnia and Herzegowina,false,store,false,,<none>,,,unspecified,stored,,,,true,+,store,<none>
BG,EUREAST,Bulgaria,false,store,false,,<none>,,,unspecified,stored,,,,true,+,store,<none>
HR,EUREAST,Croatia,false,store,false,,<none>,,,unspecified,stored,,,,true,+,store,<none>
CZ,EUREAST,Czech Republic,false,store,false,,<none>,,,unspecified,stored,,,,true,+,store,<none>
EE,EUREAST,Estonia,false,store,false,,<none>,,,unspecified,stored,,,,true,+,store,<none>
GE,EUREAST,Georgia,false,store,false,,<none>,,,unspecified,stored,,,,true,+,store,<none>
HU,EUREAST,Hungary,false,store,false,,<none>,,,unspecified,stored,,,,true,+,store,<none>
KZ,EUREAST,Kazakhstan,false,store,false,,<none>,,,unspecified,stored,,,,true,+,store,<none>
XK,EUREAST,Kosovo,false,store,false,,<none>,,,unspecified,stored,,,,true,+,store,<none>
KG,EUREAST,Kyrgyzstan,false,store,false,,<none>,,,unspecified,stored,,,,true,+,store,<none>
LV,EUREAST,Latvia,false,store,false,,<none>,,,unspecified,stored,,,,true,+,store,<none>
LT,EUREAST,Lithuania,false,store,false,,<none>,,,unspecified,stored,,,,true,+,store,<none>
MK,EUREAST,Macedonia,false,store,false,,<none>,,,unspecified,stored,,,,true,+,store,<none>
MD,EUREAST,Republic of Moldova,false,store,false,,<none>,,,unspecified,stored,,,,true,+,store,<none>
ME,EUREAST,Montenegro,false,store,false,,<none>,,,unspecified,stored,,,,true,+,store,<none>
PL,EUREAST,Poland,false,store,false,,<none>,,,unspecified,stored,,,,true,+,store,<none>
RO,EUREAST,Romania,false,store,false,,<none>,,,unspecified,stored,,,,true,+,store,<none>
RU,EUREAST,Russian Federation,false,store,false,,<none>,,,unspecified,stored,,,,true,+,store,<none>
RS,EUREAST,Serbia,false,store,false,,<none>,,,unspecified,stored,,,,true,+,store,<none>
SK,EUREAST,Slovakia,false,store,false,,<none>,,,unspecified,stored,,,,true,+,store,<none>
SI,EUREAST,Slovenia,false,store,false,,<none>,,,unspecified,stored,,,,true,+,store,<none>
TJ,EUREAST,Tajikistan,false,store,false,,<none>,,,unspecified,stored,,,,true,+,store,<none>
TM,EUREAST,Turkmenistan,false,store,false,,<none>,,,unspecified,stored,,,,true,+,store,<none>
UA,EUREAST,Ukraine,false,store,false,,<none>,,,unspecified,stored,,,,true,+,store,<none>
UZ,EUREAST,Uzbekistan,false,store,false,,<none>,,,unspecified,stored,,,,true,+,store,<none>
MIDDLEEAST,EMGMKTS,Middle-East,false,store,false,,<none>,,,unspecified,stored,,,,true,+,store,<none>
PS,MIDDLEEAST,Palestine,false,store,false,,<none>,,,unspecified,stored,,,,true,+,store,<none>
AF,MIDDLEEAST,Afghanistan,false,store,false,,<none>,,,unspecified,stored,,,,true,+,store,<none>
BH,MIDDLEEAST,Bahrain,false,store,false,,<none>,,,unspecified,stored,,,,true,+,store,<none>
EG,MIDDLEEAST,Egypt,false,store,false,,<none>,,,unspecified,stored,,,,true,+,store,<none>
IR,MIDDLEEAST,Iran,false,store,false,,<none>,,,unspecified,stored,,,,true,+,store,<none>
IQ,MIDDLEEAST,Iraq,false,store,false,,<none>,,,unspecified,stored,,,,true,+,store,<none>
IL,MIDDLEEAST,Israel,false,store,false,,<none>,,,unspecified,stored,,,,true,+,store,<none>
JO,MIDDLEEAST,Jordan,false,store,false,,<none>,,,unspecified,stored,,,,true,+,store,<none>
KW,MIDDLEEAST,Kuwait,false,store,false,,<none>,,,unspecified,stored,,,,true,+,store,<none>
LB,MIDDLEEAST,Lebanon,false,store,false,,<none>,,,unspecified,stored,,,,true,+,store,<none>
OM,MIDDLEEAST,Oman,false,store,false,,<none>,,,unspecified,stored,,,,true,+,store,<none>
QA,MIDDLEEAST,Qatar,false,store,false,,<none>,,,unspecified,stored,,,,true,+,store,<none>
SA,MIDDLEEAST,Saudi Arabia,false,store,false,,<none>,,,unspecified,stored,,,,true,+,store,<none>
SY,MIDDLEEAST,Syria,false,store,false,,<none>,,,unspecified,stored,,,,true,+,store,<none>
TR,MIDDLEEAST,Turkey,false,store,false,,<none>,,,unspecified,stored,,,,true,+,store,<none>
AE,MIDDLEEAST,United Arab Emirates,false,store,false,,<none>,,,unspecified,stored,,,,true,+,store,<none>
YE,MIDDLEEAST,Yemen,false,store,false,,<none>,,,unspecified,stored,,,,true,+,store,<none>
AFR,EMGMKTS,Africa,false,store,false,,<none>,,,unspecified,stored,,,,true,+,store,<none>
AFRNORTH,AFR,Northern Africa,false,store,false,,<none>,,,unspecified,stored,,,,true,+,store,<none>
DZ,AFRNORTH,Algeria,false,store,false,,<none>,,,unspecified,stored,,,,true,+,store,<none>
TD,AFRNORTH,Chad,false,store,false,,<none>,,,unspecified,stored,,,,true,+,store,<none>
LY,AFRNORTH,Libya,false,store,false,,<none>,,,unspecified,stored,,,,true,+,store,<none>
MA,AFRNORTH,Morocco,false,store,false,,<none>,,,unspecified,stored,,,,true,+,store,<none>
SS,AFRNORTH,South Sudan,false,store,false,,<none>,,,unspecified,stored,,,,true,+,store,<none>
SD,AFRNORTH,Sudan,false,store,false,,<none>,,,unspecified,stored,,,,true,+,store,<none>
TN,AFRNORTH,Tunisia,false,store,false,,<none>,,,unspecified,stored,,,,true,+,store,<none>
AFRICAWEST,AFR,Western Africa,false,store,false,,<none>,,,unspecified,stored,,,,true,+,store,<none>
BF,AFRICAWEST,Burkina Faso,false,store,false,,<none>,,,unspecified,stored,,,,true,+,store,<none>
CV,AFRICAWEST,Cape Verde,false,store,false,,<none>,,,unspecified,stored,,,,true,+,store,<none>
EH,AFRICAWEST,Western Sahara,false,store,false,,<none>,,,unspecified,stored,,,,true,+,store,<none>
GN,AFRICAWEST,Guinea,false,store,false,,<none>,,,unspecified,stored,,,,true,+,store,<none>
GW,AFRICAWEST,Guinea-Bissau,false,store,false,,<none>,,,unspecified,stored,,,,true,+,store,<none>
TG,AFRICAWEST,Togo,false,store,false,,<none>,,,unspecified,stored,,,,true,+,store,<none>
BJ,AFRICAWEST,Benin,false,store,false,,<none>,,,unspecified,stored,,,,true,+,store,<none>
CI,AFRICAWEST,Ivory Coast,false,store,false,,<none>,,,unspecified,stored,,,,true,+,store,<none>
GM,AFRICAWEST,Gambia,false,store,false,,<none>,,,unspecified,stored,,,,true,+,store,<none>
GH,AFRICAWEST,Ghana,false,store,false,,<none>,,,unspecified,stored,,,,true,+,store,<none>
LR,AFRICAWEST,Liberia,false,store,false,,<none>,,,unspecified,stored,,,,true,+,store,<none>
ML,AFRICAWEST,Mali,false,store,false,,<none>,,,unspecified,stored,,,,true,+,store,<none>
MR,AFRICAWEST,Mauritania,false,store,false,,<none>,,,unspecified,stored,,,,true,+,store,<none>
NE,AFRICAWEST,Niger,false,store,false,,<none>,,,unspecified,stored,,,,true,+,store,<none>
NG,AFRICAWEST,Nigeria,false,store,false,,<none>,,,unspecified,stored,,,,true,+,store,<none>
SN,AFRICAWEST,Senegal,false,store,false,,<none>,,,unspecified,stored,,,,true,+,store,<none>
SL,AFRICAWEST,Sierra Leone,false,store,false,,<none>,,,unspecified,stored,,,,true,+,store,<none>
AFRICACENT,AFR,Central Africa,false,store,false,,<none>,,,unspecified,stored,,,,true,+,store,<none>
CF,AFRICACENT,Central African Republic,false,store,false,,<none>,,,unspecified,stored,,,,true,+,store,<none>
AO,AFRICACENT,Angola,false,store,false,,<none>,,,unspecified,stored,,,,true,+,store,<none>
CM,AFRICACENT,Cameroon,false,store,false,,<none>,,,unspecified,stored,,,,true,+,store,<none>
CG,AFRICACENT,Congo (Brazzaville),false,store,false,,<none>,,,unspecified,stored,,,,true,+,store,<none>
ZR,AFRICACENT,Congo (Democratic Republic of),false,store,false,,<none>,,,unspecified,stored,,,,true,+,store,<none>
GQ,AFRICACENT,Equatorial Guinea,false,store,false,,<none>,,,unspecified,stored,,,,true,+,store,<none>
GA,AFRICACENT,Gabon,false,store,false,,<none>,,,unspecified,stored,,,,true,+,store,<none>
ST,AFRICACENT,Sao Tome & Principe,false,store,false,,<none>,,,unspecified,stored,,,,true,+,store,<none>
AFRICAEAST,AFR,Eastern Africa,false,store,false,,<none>,,,unspecified,stored,,,,true,+,store,<none>
BI,AFRICAEAST,Burundi,false,store,false,,<none>,,,unspecified,stored,,,,true,+,store,<none>
DJ,AFRICAEAST,Djibouti,false,store,false,,<none>,,,unspecified,stored,,,,true,+,store,<none>
ER,AFRICAEAST,Eritrea,false,store,false,,<none>,,,unspecified,stored,,,,true,+,store,<none>
IO,AFRICAEAST,British Indian Ocean Territory,false,store,false,,<none>,,,unspecified,stored,,,,true,+,store,<none>
KM,AFRICAEAST,Comoros,false,store,false,,<none>,,,unspecified,stored,,,,true,+,store,<none>
MW,AFRICAEAST,Malawi,false,store,false,,<none>,,,unspecified,stored,,,,true,+,store,<none>
SC,AFRICAEAST,Seychelles,false,store,false,,<none>,,,unspecified,stored,,,,true,+,store,<none>
ET,AFRICAEAST,Ethiopia,false,store,false,,<none>,,,unspecified,stored,,,,true,+,store,<none>
KE,AFRICAEAST,Kenya,false,store,false,,<none>,,,unspecified,stored,,,,true,+,store,<none>
MG,AFRICAEAST,Madagascar,false,store,false,,<none>,,,unspecified,stored,,,,true,+,store,<none>
MV,AFRICAEAST,Maldives,false,store,false,,<none>,,,unspecified,stored,,,,true,+,store,<none>
MU,AFRICAEAST,Mauritius,false,store,false,,<none>,,,unspecified,stored,,,,true,+,store,<none>
MZ,AFRICAEAST,Mozambique,false,store,false,,<none>,,,unspecified,stored,,,,true,+,store,<none>
RW,AFRICAEAST,Rwanda,false,store,false,,<none>,,,unspecified,stored,,,,true,+,store,<none>
SO,AFRICAEAST,Somalia,false,store,false,,<none>,,,unspecified,stored,,,,true,+,store,<none>
TZ,AFRICAEAST,Tanzania,false,store,false,,<none>,,,unspecified,stored,,,,true,+,store,<none>
UG,AFRICAEAST,Uganda,false,store,false,,<none>,,,unspecified,stored,,,,true,+,store,<none>
ZM,AFRICAEAST,Zambia,false,store,false,,<none>,,,unspecified,stored,,,,true,+,store,<none>
ZW,AFRICAEAST,Zimbabwe,false,store,false,,<none>,,,unspecified,stored,,,,true,+,store,<none>
AFRICASOUTH,AFR,Southern Africa,false,store,false,,<none>,,,unspecified,stored,,,,true,+,store,<none>
LS,AFRICASOUTH,Lesotho,false,store,false,,<none>,,,unspecified,stored,,,,true,+,store,<none>
SZ,AFRICASOUTH,Swaziland,false,store,false,,<none>,,,unspecified,stored,,,,true,+,store,<none>
BW,AFRICASOUTH,Botswana,false,store,false,,<none>,,,unspecified,stored,,,,true,+,store,<none>
NA,AFRICASOUTH,Namibia,false,store,false,,<none>,,,unspecified,stored,,,,true,+,store,<none>
ZA,AFRICASOUTH,South Africa,false,store,false,,<none>,,,unspecified,stored,,,,true,+,store,<none>
ASIAExJAPAN,EMGMKTS,Asia excluding Japan,false,store,false,,<none>,,,unspecified,stored,,,,true,+,store,<none>
ASIANE,ASIAExJAPAN,North East Asia,false,store,false,,<none>,,,unspecified,stored,,,,true,+,store,<none>
KP,ASIANE,North Korea,false,store,false,,<none>,,,unspecified,stored,,,,true,+,store,<none>
MN,ASIANE,Mongolia,false,store,false,,<none>,,,unspecified,stored,,,,true,+,store,<none>
KR,ASIANE,South Korea,false,store,false,,<none>,,,unspecified,stored,,,,true,+,store,<none>
TW,ASIANE,Taiwan,false,store,false,,<none>,,,unspecified,stored,,,,true,+,store,<none>
HK,ASIANE,Hong Kong,false,store,false,,<none>,,,unspecified,stored,,,,true,+,store,<none>
MO,ASIANE,Macao,false,store,false,,<none>,,,unspecified,stored,,,,true,+,store,<none>
CN,ASIANE,China,false,store,false,,<none>,,,unspecified,stored,,,,true,+,store,<none>
ASIASE,ASIAExJAPAN,South East Asia,false,store,false,,<none>,,,unspecified,stored,,,,true,+,store,<none>
CC,ASIASE,Cocos (Keeling) Islands,false,store,false,,<none>,,,unspecified,stored,,,,true,+,store,<none>
CX,ASIASE,Christmas Island,false,store,false,,<none>,,,unspecified,stored,,,,true,+,store,<none>
FM,ASIASE,Micronesia,false,store,false,,<none>,,,unspecified,stored,,,,true,+,store,<none>
PW,ASIASE,Palau,false,store,false,,<none>,,,unspecified,stored,,,,true,+,store,<none>
BN,ASIASE,Brunei Darussalam,false,store,false,,<none>,,,unspecified,stored,,,,true,+,store,<none>
KH,ASIASE,Cambodia,false,store,false,,<none>,,,unspecified,stored,,,,true,+,store,<none>
TP,ASIASE,East Timor (Timor-Leste),false,store,false,,<none>,,,unspecified,stored,,,,true,+,store,<none>
ID,ASIASE,Indonesia,false,store,false,,<none>,,,unspecified,stored,,,,true,+,store,<none>
LA,ASIASE,Laos,false,store,false,,<none>,,,unspecified,stored,,,,true,+,store,<none>
MY,ASIASE,Malaysia,false,store,false,,<none>,,,unspecified,stored,,,,true,+,store,<none>
MM,ASIASE,Myanmar (Burma),false,store,false,,<none>,,,unspecified,stored,,,,true,+,store,<none>
PH,ASIASE,Philippines,false,store,false,,<none>,,,unspecified,stored,,,,true,+,store,<none>
SG,ASIASE,Singapore,false,store,false,,<none>,,,unspecified,stored,,,,true,+,store,<none>
TH,ASIASE,Thailand,false,store,false,,<none>,,,unspecified,stored,,,,true,+,store,<none>
VN,ASIASE,Vietnam,false,store,false,,<none>,,,unspecified,stored,,,,true,+,store,<none>
INDSUB,ASIAExJAPAN,Indian Subcontinent,false,store,false,,<none>,,,unspecified,stored,,,,true,+,store,<none>
BD,INDSUB,Bangladesh,false,store,false,,<none>,,,unspecified,stored,,,,true,+,store,<none>
BT,INDSUB,Bhutan,false,store,false,,<none>,,,unspecified,stored,,,,true,+,store,<none>
IN,INDSUB,India,false,store,false,,<none>,,,unspecified,stored,,,,true,+,store,<none>
NP,INDSUB,Nepal,false,store,false,,<none>,,,unspecified,stored,,,,true,+,store,<none>
PK,INDSUB,Pakistan,false,store,false,,<none>,,,unspecified,stored,,,,true,+,store,<none>
LK,INDSUB,Sri Lanka,false,store,false,,<none>,,,unspecified,stored,,,,true,+,store,<none>
SOUTHPAC,ASIAExJAPAN,South Pacific,false,store,false,,<none>,,,unspecified,stored,,,,true,+,store,<none>
AS,SOUTHPAC,American Samoa,false,store,false,,<none>,,,unspecified,stored,,,,true,+,store,<none>
CK,SOUTHPAC,Cook Islands,false,store,false,,<none>,,,unspecified,stored,,,,true,+,store,<none>
GU,SOUTHPAC,Guam,false,store,false,,<none>,,,unspecified,stored,,,,true,+,store,<none>
KI,SOUTHPAC,Kiribati,false,store,false,,<none>,,,unspecified,stored,,,,true,+,store,<none>
MH,SOUTHPAC,Marshall Islands,false,store,false,,<none>,,,unspecified,stored,,,,true,+,store,<none>
MP,SOUTHPAC,Northern Mariana Islands,false,store,false,,<none>,,,unspecified,stored,,,,true,+,store,<none>
NF,SOUTHPAC,Norfolk Island,false,store,false,,<none>,,,unspecified,stored,,,,true,+,store,<none>
NR,SOUTHPAC,Nauru,false,store,false,,<none>,,,unspecified,stored,,,,true,+,store,<none>
NU,SOUTHPAC,Niue,false,store,false,,<none>,,,unspecified,stored,,,,true,+,store,<none>
PN,SOUTHPAC,Pitcairn,false,store,false,,<none>,,,unspecified,stored,,,,true,+,store,<none>
SB,SOUTHPAC,Solomon Islands,false,store,false,,<none>,,,unspecified,stored,,,,true,+,store,<none>
TK,SOUTHPAC,Tokelau,false,store,false,,<none>,,,unspecified,stored,,,,true,+,store,<none>
TO,SOUTHPAC,Tonga,false,store,false,,<none>,,,unspecified,stored,,,,true,+,store,<none>
TV,SOUTHPAC,Tuvalu,false,store,false,,<none>,,,unspecified,stored,,,,true,+,store,<none>
UM,SOUTHPAC,United States Minor Outlying Islands,false,store,false,,<none>,,,unspecified,stored,,,,true,+,store,<none>
VU,SOUTHPAC,Vanuatu,false,store,false,,<none>,,,unspecified,stored,,,,true,+,store,<none>
WS,SOUTHPAC,Samoa,false,store,false,,<none>,,,unspecified,stored,,,,true,+,store,<none>
FJ,SOUTHPAC,Fiji,false,store,false,,<none>,,,unspecified,stored,,,,true,+,store,<none>
PF,SOUTHPAC,French Polynesia,false,store,false,,<none>,,,unspecified,stored,,,,true,+,store,<none>
PG,SOUTHPAC,Papua New Guinea,false,store,false,,<none>,,,unspecified,stored,,,,true,+,store,<none>
WF,SOUTHPAC,Wallis and Futuna Islands,false,store,false,,<none>,,,unspecified,stored,,,,true,+,store,<none>
