<?xml version="1.0" encoding="UTF-8"?>
<HBRRepo>
  <variables>
    <variable id="1" name="rtpEntity" product="Planning" type="member" usage="const">
      <property name="application">INPSBD01</property>
      <property name="plantype">FinPlan</property>
      <property name="dimension">Entity</property>
      <property name="prompt_text">Select Entity</property>
      <property name="useLastValue">false</property>
      <value>"Entity_None"</value>
    </variable>
  </variables>
  <rulesets></rulesets>
  <rules>
    <rule id="1" name="7001_HeadcountAgg" product="Planning">
      <property name="application">INPSBD01</property>
      <property name="plantype">FinPlan</property>
      <property name="display_label">7001_HeadcountAgg</property>
      <variable_references>
        <variable_reference id="1" name="rtpEntity">
          <property name="application">INPSBD01</property>
          <property name="hasvalue">true</property>
          <property name="hidden">false</property>
          <property name="plantype">FinPlan</property>
          <property name="rule_name">7001_HeadcountAgg</property>
          <property name="seq">1</property>
          <property name="type">3</property>
          <property name="useAsOverrideValue">false</property>
        </variable_reference>
      </variable_references>
      <script><![CDATA[/*
Calc Name:  7001_HeadcountAgg
Database: INPSBD01 - FinPlan
Author: Joon Koh
Creation Date: 05/07/15
Purpose:
To aggregate headcounts across the Function dimension upon save. 

Substitution Variables Used:
&CY, &CurMth

Hard-Coding:
   Account: HCSalTempAg,HCHrlyTempAg,EffectSalHC,EffectHrlyHC,EffectTempHC
   Currency: LocalCur
   Version: Base
   Scenario: Actual
   Product: Product_None
   Function: Function
   Customer: Customer_None
   Entity: rtpEntity


Modifications:


*/
SET UPDATECALC OFF;
SET CACHE HIGH;
SET LOCKBLOCK HIGH;
SET AGGMISSG ON;
SET FRMLBOTTOMUP ON;

FIX ( "HCSalTempAg", "HCHrlyTempAg", "EffectSalHC", "EffectHrlyHC", "EffectTempHC", "Product_None", "Customer_None", {rtpEntity},
"LocalCur", "Base", "Actual", &CY, &CurMth )

   AGG ("Function");

ENDFIX]]></script>
    </rule>
  </rules>
  <components></components>
</HBRRepo>