<?xml version="1.0" encoding="UTF-8" ?>
 <form xmlns:xsi="http://www.w3.org/2001/XMLSchema-instance" name="7001: SBD ActualsInput - Core (GEM)" dir="Forms/Actuals Stat" hide="false" autoSubmit="false" planType="1" globalAssumptions="false" enableCubeView="false" enableOffline="false" readOnly="false" calcOnAutoSubmit="false" >
 <description>Core statistics for Actuals Close Cycle</description>
 <query>
 <columns width="0" >
 <segment>
 <dimension displayName="false" displayAlias="true" displayMemberFormula="false" displayConsolidationOperators="false" applyToAllDim="false" name="Period" hide="false" expand="true" >
 <member name="&amp;CurMth" />
</dimension>
</segment>
</columns>
 <rows height="0" >
 <segment>
 <dimension displayName="false" displayAlias="true" displayMemberFormula="false" displayConsolidationOperators="false" applyToAllDim="false" name="Account" hide="false" expand="true" >
 <formula ordinal="1.0" dataType="0" label="OM Walk Stats" formulaValue="" />
</dimension>
</segment>
 <segment>
 <dimension displayName="false" displayAlias="true" displayMemberFormula="false" displayConsolidationOperators="false" applyToAllDim="false" name="Account" hide="false" expand="true" >
 <member name="SalesPrice" />
 <member name="SalesAcq_Input" />
 <member name="SalesDiv_Input" />
 <member name="RevSyn" />
 <member name="AGMAcq_Input" />
 <member name="AGMDiv_Input" />
 <member name="AGMMix" />
 <member name="AGMSynergy" />
 <member name="NetProd" />
 <member name="SGAAcq" />
 <member name="SGADiv_Input" />
 <member name="SGAInfOth" />
 <member name="SGAInfTE" />
 <member name="SGAInfUtil" />
 <member name="SGAInfWage" />
 <member name="SGASynergy" />
 <member name="SGAPY_HC" />
 <member name="SGACY_HC_Actions" />
 <member name="SGA_Invest" />
 <member name="SGA_Investments_CB" />
 <member name="SGA_PY_NonRep" />
 <member name="SGA_BusSpec" />
 <member name="SGM_Transactional_FX" />
 <member name="OCOS_Transactional_FX" />
 <member name="OCOS_Transactional_FX_OP" />
 <member name="SGM_Transactional_FX_OP" />
 <member name="OCOS_Transactional_FX_QR" />
 <member name="SGM_Transactional_FX_QR" />
 <member name="Promo_Analytic" />
 <member name="AGM_GTN" />
 <member name="Deal_Approval_Rate" />
 <member name="Deal_Approval_Time" />
 <member name="Deal_Approval_Value" />
 <member name="Cust_Seg_Price" />
 <member name="SKU_Price_Optimized" />
 <member name="Price_Floor_Variance" />
</dimension>
</segment>
 <segment showSeparator="true" >
 <dimension displayName="false" displayAlias="true" displayMemberFormula="false" displayConsolidationOperators="false" applyToAllDim="false" name="Account" hide="false" expand="true" >
 <formula ordinal="1.0" dataType="0" label="4Wall Stats" formulaValue="" />
</dimension>
</segment>
 <segment showSeparator="true" >
 <dimension displayName="false" displayAlias="true" displayMemberFormula="false" displayConsolidationOperators="false" applyToAllDim="false" name="Account" hide="false" expand="true" >
 <member name="4WallVol" />
 <member name="4WallFX" />
 <member name="4WallInvReval" />
 <member name="4Wall_TotCostAdj" />
</dimension>
</segment>
 <segment>
 <dimension displayName="false" displayAlias="true" displayMemberFormula="false" displayConsolidationOperators="false" applyToAllDim="false" name="Account" hide="false" expand="true" >
 <formula ordinal="1.0" dataType="0" label="Inventory Stats" formulaValue="" />
</dimension>
</segment>
 <segment>
 <dimension displayName="false" displayAlias="true" displayMemberFormula="false" displayConsolidationOperators="false" applyToAllDim="false" name="Account" hide="false" expand="true" >
 <function name="Descendants" >
 <member name="FG_TOT" />
</function>
 <function name="Descendants" >
 <member name="RIP_TOT" />
</function>
</dimension>
</segment>
 <segment>
 <dimension displayName="false" displayAlias="true" displayMemberFormula="false" displayConsolidationOperators="false" applyToAllDim="false" name="Account" hide="false" expand="true" >
 <formula ordinal="1.0" dataType="0" label="CFP&amp;A Stats" formulaValue="" />
</dimension>
</segment>
 <segment>
 <dimension displayName="false" displayAlias="true" displayMemberFormula="false" displayConsolidationOperators="false" applyToAllDim="false" name="Account" hide="false" expand="true" >
 <member name="CO_CostRed" />
 <member name="CO_Invest" />
 <member name="CO_SGA" />
 <member name="OtherFFAdj" />
</dimension>
</segment>
</rows>
 <pages>
 <segment>
 <dimension displayName="false" displayAlias="true" displayMemberFormula="false" displayConsolidationOperators="false" applyToAllDim="false" name="Entity" hide="false" >
 <function include="true" name="Descendants" >
 <member name="GTS_LAG_ASIA" />
</function>
</dimension>
 <dimension displayName="false" displayAlias="true" displayMemberFormula="false" displayConsolidationOperators="false" applyToAllDim="false" name="Product" hide="false" >
 <function include="true" name="Descendants" >
 <member name="PTG" />
</function>
 <function include="true" name="Descendants" >
 <member name="HTAS" />
</function>
 <function include="true" name="Descendants" >
 <member name="OTH_TOTAL" />
</function>
 <member name="Product_Oth" />
 <member name="Svcs" />
 <member name="Product_None" />
</dimension>
</segment>
</pages>
 <pov>
 <dimension displayName="false" displayAlias="true" displayMemberFormula="false" displayConsolidationOperators="false" applyToAllDim="false" name="Scenario" hide="false" >
 <member name="Actual" visible="true" />
</dimension>
 <dimension displayName="true" displayAlias="false" displayMemberFormula="false" displayConsolidationOperators="false" applyToAllDim="false" name="Version" hide="false" >
 <member name="Base" visible="true" />
</dimension>
 <dimension displayName="false" displayAlias="true" displayMemberFormula="false" displayConsolidationOperators="false" applyToAllDim="false" name="Currency" hide="false" >
 <member name="LocalCur" visible="true" />
</dimension>
 <dimension displayName="false" displayAlias="true" displayMemberFormula="false" displayConsolidationOperators="false" applyToAllDim="false" name="Function" hide="false" >
 <member name="Function_None" visible="true" />
</dimension>
 <dimension displayName="false" displayAlias="true" displayMemberFormula="false" displayConsolidationOperators="false" applyToAllDim="false" name="Customer" hide="false" >
 <member name="Customer_None" visible="true" />
</dimension>
 <dimension displayName="true" displayAlias="false" displayMemberFormula="false" displayConsolidationOperators="false" applyToAllDim="false" name="Years" hide="false" >
 <member name="&amp;CY" visible="true" />
</dimension>
</pov>
</query>
 <displayOptions>
 <precision useCurrencyPrecision="false" nonCurrencyMax="0" nonCurrencyMin="0" currencyMax="2" percentageMax="1" currencyMin="2" percentageMin="1" />
 <display poundMissing="true" enableAttributeDisplay="false" enableCellAttach="true" enableAdHoc="false" multiCurrency="false" enableMassAllocation="false" accountAnnotation="false" enableGridSpread="true" />
 <printOptions>
 <pageSettings pageSize="A4" orientation="0" font="" fontSize="8" rowHeaderPercentage="35" numDataCols="10" />
 <format supportingDetails="false" applyPrecision="false" repeatHeaders="true" reverseSupport="false" formatData="true" />
 <printDisplay currency="true" shading="true" cellNotes="false" attribute="true" accountAnnotation="true" />
</printOptions>
 <smartViewOptions enableForSmartSlice="false" enableOfflineUsage="false" />
</displayOptions>
 <dataValidationRules>
 <dataValidationRule position="1" name="BlankRow2" enabled="true" description="" rowLocation="3.0" colLocation="-1.0" >
 <dataValidationCond toolTip="" groupOpenNestingLevel="0" operator="9" displayMessageInDVPane="true" honorPmRules="false" negate="false" groupCloseNestingLevel="0" position="1" styleId="0" type="1" bgColor="" Valid="true" logicalOperator="0" >
 <compareValue type="1" value="" >
</compareValue>
 <compareToValue type="7" value="&quot;99999&quot;" >
</compareToValue>
</dataValidationCond>
 <dataValidationCond toolTip="" groupOpenNestingLevel="0" operator="0" displayMessageInDVPane="false" honorPmRules="false" negate="false" groupCloseNestingLevel="0" position="2" styleId="0" type="5" bgColor="12507903" Valid="true" logicalOperator="0" >
 <compareValue type="6" value="" >
</compareValue>
 <compareToValue type="0" value="" >
</compareToValue>
</dataValidationCond>
</dataValidationRule>
 <dataValidationRule position="1" name="BlankRow2" enabled="true" description="" rowLocation="1.0" colLocation="-1.0" >
 <dataValidationCond toolTip="" groupOpenNestingLevel="0" operator="9" displayMessageInDVPane="true" honorPmRules="false" negate="false" groupCloseNestingLevel="0" position="1" styleId="0" type="1" bgColor="" Valid="true" logicalOperator="0" >
 <compareValue type="1" value="" >
</compareValue>
 <compareToValue type="7" value="&quot;99999&quot;" >
</compareToValue>
</dataValidationCond>
 <dataValidationCond toolTip="" groupOpenNestingLevel="0" operator="0" displayMessageInDVPane="false" honorPmRules="false" negate="false" groupCloseNestingLevel="0" position="2" styleId="0" type="5" bgColor="12507903" Valid="true" logicalOperator="0" >
 <compareValue type="6" value="" >
</compareValue>
 <compareToValue type="0" value="" >
</compareToValue>
</dataValidationCond>
</dataValidationRule>
 <dataValidationRule position="1" name="BlankRow2" enabled="true" description="" rowLocation="5.0" colLocation="-1.0" >
 <dataValidationCond toolTip="" groupOpenNestingLevel="0" operator="9" displayMessageInDVPane="true" honorPmRules="false" negate="false" groupCloseNestingLevel="0" position="1" styleId="0" type="1" bgColor="" Valid="true" logicalOperator="0" >
 <compareValue type="1" value="" >
</compareValue>
 <compareToValue type="7" value="&quot;99999&quot;" >
</compareToValue>
</dataValidationCond>
 <dataValidationCond toolTip="" groupOpenNestingLevel="0" operator="0" displayMessageInDVPane="false" honorPmRules="false" negate="false" groupCloseNestingLevel="0" position="2" styleId="0" type="5" bgColor="12507903" Valid="true" logicalOperator="0" >
 <compareValue type="6" value="" >
</compareValue>
 <compareToValue type="0" value="" >
</compareToValue>
</dataValidationCond>
</dataValidationRule>
 <dataValidationRule position="1" name="Blank Row" enabled="true" description="" rowLocation="7.0" colLocation="-1.0" >
 <dataValidationCond toolTip="" groupOpenNestingLevel="0" operator="9" displayMessageInDVPane="true" honorPmRules="false" negate="false" groupCloseNestingLevel="0" position="1" styleId="0" type="1" bgColor="" Valid="true" logicalOperator="0" >
 <compareValue type="1" value="" >
</compareValue>
 <compareToValue type="7" value="&quot;99999&quot;" >
</compareToValue>
</dataValidationCond>
 <dataValidationCond toolTip="" groupOpenNestingLevel="0" operator="0" displayMessageInDVPane="true" honorPmRules="false" negate="false" groupCloseNestingLevel="0" position="2" styleId="0" type="5" bgColor="12507903" Valid="true" logicalOperator="0" >
 <compareValue type="6" value="" >
</compareValue>
 <compareToValue type="0" value="" >
</compareToValue>
</dataValidationCond>
</dataValidationRule>
 <dataValidationRulesOptions>
 <RunValidationsAsLoggedInUser>true</RunValidationsAsLoggedInUser>
 <ValidateOnlyForPagesWithBlocks>true</ValidateOnlyForPagesWithBlocks>
 <ValidateOnlyForUsersWithAccessToForm>true</ValidateOnlyForUsersWithAccessToForm>
</dataValidationRulesOptions>
</dataValidationRules>
 <formFormattings>
</formFormattings>
</form>
