<?xml version="1.0" encoding="UTF-8" ?>
 <form xmlns:xsi="http://www.w3.org/2001/XMLSchema-instance" name="7001: SBD COSPROD Detail Input - GTS" dir="Forms/Actuals Stat" hide="false" autoSubmit="false" planType="1" globalAssumptions="false" enableCubeView="false" enableOffline="false" readOnly="false" calcOnAutoSubmit="false" >
 <description>COSPROD Detail Input form</description>
 <query>
 <columns width="0" >
 <segment>
 <dimension displayName="false" displayAlias="true" displayMemberFormula="false" displayConsolidationOperators="false" applyToAllDim="false" name="Account" hide="false" expand="true" >
 <member name="CosProd" />
 <member name="CosProd1" />
 <member name="CosProd2" />
 <member name="StdMatCOSAdj" />
</dimension>
</segment>
</columns>
 <rows height="0" >
 <segment>
 <dimension displayName="false" displayAlias="true" displayMemberFormula="false" displayConsolidationOperators="false" applyToAllDim="false" name="Product" hide="false" expand="false" >
 <function name="ILvl0Descendants" >
 <member name="PTG" />
</function>
 <function name="ILvl0Descendants" >
 <member name="HTAS" />
</function>
 <function name="ILvl0Descendants" >
 <member name="OTH_TOTAL" />
</function>
 <function name="ILvl0Descendants" >
 <member name="Svcs" />
</function>
 <function name="ILvl0Descendants" >
 <member name="Product_Oth" />
</function>
</dimension>
</segment>
</rows>
 <pages>
 <segment>
 <dimension displayName="false" displayAlias="true" displayMemberFormula="false" displayConsolidationOperators="false" applyToAllDim="false" name="Entity" hide="false" >
 <function include="true" name="Descendants" >
 <member name="GTS_ACQ" />
</function>
 <function include="true" name="Descendants" >
 <member name="GTS_Int" />
</function>
</dimension>
</segment>
</pages>
 <pov>
 <dimension displayName="false" displayAlias="true" displayMemberFormula="false" displayConsolidationOperators="false" applyToAllDim="false" name="Scenario" hide="false" >
 <member name="Actual" visible="true" />
</dimension>
 <dimension displayName="true" displayAlias="false" displayMemberFormula="false" displayConsolidationOperators="false" applyToAllDim="false" name="Version" hide="false" >
 <member name="Base" visible="true" />
</dimension>
 <dimension displayName="false" displayAlias="true" displayMemberFormula="false" displayConsolidationOperators="false" applyToAllDim="false" name="Currency" hide="false" >
 <member name="LocalCur" visible="true" />
</dimension>
 <dimension displayName="false" displayAlias="true" displayMemberFormula="false" displayConsolidationOperators="false" applyToAllDim="false" name="Function" hide="false" >
 <member name="Function_None" visible="true" />
</dimension>
 <dimension displayName="false" displayAlias="true" displayMemberFormula="false" displayConsolidationOperators="false" applyToAllDim="false" name="Customer" hide="false" >
 <member name="Customer_None" visible="true" />
</dimension>
 <dimension displayName="true" displayAlias="false" displayMemberFormula="false" displayConsolidationOperators="false" applyToAllDim="false" name="Years" hide="false" >
 <member name="&amp;CY" visible="true" />
</dimension>
 <dimension displayName="true" displayAlias="false" displayMemberFormula="false" displayConsolidationOperators="false" applyToAllDim="false" name="Period" hide="false" >
 <member name="&amp;CurMth" visible="true" />
</dimension>
</pov>
</query>
 <displayOptions>
 <precision useCurrencyPrecision="false" nonCurrencyMax="0" nonCurrencyMin="0" currencyMax="2" percentageMax="1" currencyMin="2" percentageMin="1" />
 <display poundMissing="true" enableAttributeDisplay="false" enableCellAttach="true" enableAdHoc="false" multiCurrency="false" enableMassAllocation="false" accountAnnotation="false" enableGridSpread="true" />
 <printOptions>
 <pageSettings pageSize="A4" orientation="0" font="" fontSize="8" rowHeaderPercentage="35" numDataCols="10" />
 <format supportingDetails="false" applyPrecision="false" repeatHeaders="true" reverseSupport="false" formatData="true" />
 <printDisplay currency="true" shading="true" cellNotes="false" attribute="true" accountAnnotation="true" />
</printOptions>
 <smartViewOptions enableForSmartSlice="false" enableOfflineUsage="false" />
</displayOptions>
 <dataValidationRules>
 <dataValidationRulesOptions>
 <RunValidationsAsLoggedInUser>true</RunValidationsAsLoggedInUser>
 <ValidateOnlyForPagesWithBlocks>true</ValidateOnlyForPagesWithBlocks>
 <ValidateOnlyForUsersWithAccessToForm>true</ValidateOnlyForUsersWithAccessToForm>
</dataValidationRulesOptions>
</dataValidationRules>
 <formFormattings>
</formFormattings>
</form>
