<?xml version="1.0" encoding="UTF-8" ?>
 <form xmlns:xsi="http://www.w3.org/2001/XMLSchema-instance" name="7002: SBD ActualCGO" dir="Forms/Actuals Stat" hide="false" autoSubmit="false" planType="1" globalAssumptions="false" enableCubeView="false" enableOffline="false" readOnly="false" calcOnAutoSubmit="false" >
 <description>Actual CGO Statistics</description>
 <query>
 <columns width="100" >
 <segment applyAll="true" showSeparator="true" >
 <dimension displayName="false" displayAlias="true" displayMemberFormula="false" displayConsolidationOperators="false" applyToAllDim="false" name="Function" hide="false" expand="true" >
 <member name="Initiative1" />
 <member name="Initiative2" />
 <member name="Initiative3" />
 <member name="Initiative4" />
 <member name="Initiative5" />
 <member name="Initiative6" />
 <member name="Initiative7" />
 <member name="Initiative8" />
 <member name="Initiative9" />
 <member name="Initiative10" />
 <member name="Initiative11" />
 <member name="Initiative12" />
 <member name="Initiative13" />
 <member name="Initiative14" />
 <member name="Initiative15" />
 <member name="Initiative16" />
 <member name="Initiative17" />
 <member name="Initiative18" />
 <member name="Initiative19" />
 <member name="Initiative20" />
</dimension>
</segment>
</columns>
 <rows height="22" >
 <segment applyAll="true" >
 <dimension displayName="false" displayAlias="true" displayMemberFormula="false" displayConsolidationOperators="false" applyToAllDim="false" name="Account" hide="false" expand="true" >
 <member name="CGOSales" />
</dimension>
</segment>
 <segment applyAll="true" >
 <dimension displayName="false" displayAlias="true" displayMemberFormula="false" displayConsolidationOperators="false" applyToAllDim="false" name="Account" hide="false" expand="true" >
 <member name="CGOCOS" />
</dimension>
</segment>
 <segment applyAll="true" >
 <dimension displayName="false" displayAlias="true" displayMemberFormula="false" displayConsolidationOperators="false" applyToAllDim="false" name="Account" hide="false" expand="true" >
 <member name="CGOGrossMargin" />
</dimension>
</segment>
 <segment applyAll="true" >
 <dimension displayName="false" displayAlias="true" displayMemberFormula="false" displayConsolidationOperators="false" applyToAllDim="false" name="Account" hide="false" expand="true" >
 <member name="CGOSGandA" />
</dimension>
</segment>
 <segment applyAll="true" >
 <dimension displayName="false" displayAlias="true" displayMemberFormula="false" displayConsolidationOperators="false" applyToAllDim="false" name="Account" hide="false" expand="true" >
 <member name="CGOOPMargin" />
</dimension>
</segment>
 <segment applyAll="true" >
 <dimension displayName="false" displayAlias="true" displayMemberFormula="false" displayConsolidationOperators="false" applyToAllDim="false" name="Account" hide="false" expand="true" >
 <formula ordinal="1.0" dataType="0" label=" " formulaValue="" />
</dimension>
</segment>
 <segment applyAll="true" >
 <dimension displayName="false" displayAlias="true" displayMemberFormula="false" displayConsolidationOperators="false" applyToAllDim="false" name="Account" hide="false" expand="true" >
 <member name="CGOSales_Prior" />
</dimension>
</segment>
 <segment applyAll="true" >
 <dimension displayName="false" displayAlias="true" displayMemberFormula="false" displayConsolidationOperators="false" applyToAllDim="false" name="Account" hide="false" expand="true" >
 <member name="CGOCOS_Prior" />
</dimension>
</segment>
 <segment applyAll="true" >
 <dimension displayName="false" displayAlias="true" displayMemberFormula="false" displayConsolidationOperators="false" applyToAllDim="false" name="Account" hide="false" expand="true" >
 <member name="CGOAGM_Prior" />
</dimension>
</segment>
 <segment applyAll="true" >
 <dimension displayName="false" displayAlias="true" displayMemberFormula="false" displayConsolidationOperators="false" applyToAllDim="false" name="Account" hide="false" expand="true" >
 <member name="CGOSGandA_Prior" />
</dimension>
</segment>
 <segment applyAll="true" >
 <dimension displayName="false" displayAlias="true" displayMemberFormula="false" displayConsolidationOperators="false" applyToAllDim="false" name="Account" hide="false" expand="true" >
 <member name="CGOOM_Prior" />
</dimension>
</segment>
 <segment applyAll="true" >
 <dimension displayName="false" displayAlias="true" displayMemberFormula="false" displayConsolidationOperators="false" applyToAllDim="false" name="Account" hide="false" expand="true" >
 <formula ordinal="1.0" dataType="0" label=" " formulaValue="" />
</dimension>
</segment>
 <segment applyAll="true" >
 <dimension displayName="false" displayAlias="true" displayMemberFormula="false" displayConsolidationOperators="false" applyToAllDim="false" name="Account" hide="false" expand="true" >
 <member name="CapExCGO" />
</dimension>
</segment>
 <segment applyAll="true" >
 <dimension displayName="false" displayAlias="true" displayMemberFormula="false" displayConsolidationOperators="false" applyToAllDim="false" name="Account" hide="false" expand="true" >
 <member name="HeadcountCGO" />
</dimension>
</segment>
 <segment applyAll="true" >
 <dimension displayName="false" displayAlias="true" displayMemberFormula="false" displayConsolidationOperators="false" applyToAllDim="false" name="Account" hide="false" expand="true" >
 <formula ordinal="1.0" dataType="0" label="" formulaValue="" />
</dimension>
</segment>
 <segment applyAll="true" >
 <dimension displayName="false" displayAlias="true" displayMemberFormula="false" displayConsolidationOperators="false" applyToAllDim="false" name="Account" hide="false" expand="true" >
 <member name="SynActivityCOS" />
 <member name="SynActivitySales" />
 <member name="SynActivitySGandA" />
 <member name="SynActivityCapEx" />
 <member name="SynActivityHC" />
</dimension>
</segment>
</rows>
 <pages>
 <segment>
 <dimension displayName="false" displayAlias="true" displayMemberFormula="false" displayConsolidationOperators="false" applyToAllDim="false" name="Entity" hide="false" >
 <function include="true" name="Descendants" >
 <member name="GTS_Int" />
</function>
 <function include="true" name="Descendants" >
 <member name="GEM_Alloc" />
</function>
</dimension>
</segment>
</pages>
 <pov>
 <dimension displayName="true" displayAlias="false" displayMemberFormula="false" displayConsolidationOperators="false" applyToAllDim="false" name="Scenario" hide="false" >
 <member name="Actual" visible="true" />
</dimension>
 <dimension displayName="true" displayAlias="false" displayMemberFormula="false" displayConsolidationOperators="false" applyToAllDim="false" name="Version" hide="false" >
 <member name="Base" visible="true" />
</dimension>
 <dimension displayName="false" displayAlias="true" displayMemberFormula="false" displayConsolidationOperators="false" applyToAllDim="false" name="Currency" hide="false" >
 <member name="LocalCur" visible="true" />
</dimension>
 <dimension displayName="false" displayAlias="true" displayMemberFormula="false" displayConsolidationOperators="false" applyToAllDim="false" name="Customer" hide="false" >
 <member name="Customer_None" visible="true" />
</dimension>
 <dimension displayName="false" displayAlias="true" displayMemberFormula="false" displayConsolidationOperators="false" applyToAllDim="false" name="Product" hide="false" >
 <member name="Product_None" visible="true" />
</dimension>
 <dimension displayName="true" displayAlias="false" displayMemberFormula="false" displayConsolidationOperators="false" applyToAllDim="false" name="Period" hide="false" >
 <member name="&amp;CurMth" visible="true" />
</dimension>
 <dimension displayName="true" displayAlias="false" displayMemberFormula="false" displayConsolidationOperators="false" applyToAllDim="false" name="Years" hide="false" >
 <member name="&amp;CY" visible="true" />
</dimension>
</pov>
</query>
 <displayOptions>
 <precision useCurrencyPrecision="false" nonCurrencyMax="0" nonCurrencyMin="0" currencyMax="2" percentageMax="1" currencyMin="2" percentageMin="1" />
 <display poundMissing="true" enableAttributeDisplay="false" enableCellAttach="true" enableAdHoc="false" multiCurrency="false" enableMassAllocation="false" accountAnnotation="false" enableGridSpread="true" />
 <printOptions>
 <pageSettings pageSize="A4" orientation="0" font="" fontSize="8" rowHeaderPercentage="35" numDataCols="10" />
 <format supportingDetails="false" applyPrecision="false" repeatHeaders="true" reverseSupport="false" formatData="true" />
 <printDisplay currency="true" shading="true" cellNotes="false" attribute="true" accountAnnotation="true" />
</printOptions>
 <smartViewOptions enableForSmartSlice="false" enableOfflineUsage="false" />
</displayOptions>
 <dataValidationRules>
 <dataValidationRulesOptions>
 <RunValidationsAsLoggedInUser>true</RunValidationsAsLoggedInUser>
 <ValidateOnlyForPagesWithBlocks>true</ValidateOnlyForPagesWithBlocks>
 <ValidateOnlyForUsersWithAccessToForm>true</ValidateOnlyForUsersWithAccessToForm>
</dataValidationRulesOptions>
</dataValidationRules>
 <formFormattings>
</formFormattings>
</form>
