<?xml version="1.0" encoding="UTF-8" ?>
 <form xmlns:xsi="http://www.w3.org/2001/XMLSchema-instance" name="7003: GEMInput - Act - Bottom" dir="Forms/Actuals Stat" hide="false" autoSubmit="false" planType="1" globalAssumptions="false" enableCubeView="false" enableOffline="false" readOnly="false" calcOnAutoSubmit="false" >
 <description>Bottom form of composite for GEM Input Actual stats</description>
 <query>
 <columns width="100" >
 <segment>
 <dimension displayName="false" displayAlias="true" displayMemberFormula="false" displayConsolidationOperators="false" applyToAllDim="false" name="Years" hide="false" expand="true" >
 <member name="&amp;CY" />
</dimension>
 <dimension displayName="false" displayAlias="true" displayMemberFormula="false" displayConsolidationOperators="false" applyToAllDim="false" name="Period" hide="false" expand="true" >
 <member name="&amp;CurMth" />
</dimension>
</segment>
</columns>
 <rows height="22" >
 <segment>
 <dimension displayName="false" displayAlias="true" displayMemberFormula="false" displayConsolidationOperators="false" applyToAllDim="false" name="Account" hide="false" expand="true" >
 <member name="SalesPrice" />
 <member name="SalesFX" />
 <member name="SalesAcq_Input" />
 <member name="SalesDiv_Input" />
 <member name="AGMMix" />
 <member name="AGMFX" />
 <member name="NetProd" />
 <member name="GMTransFX" />
 <member name="AGMAcq_Input" />
 <member name="SGAFX" />
 <member name="SGAAcq" />
</dimension>
</segment>
</rows>
 <pages>
 <segment>
 <dimension displayName="false" displayAlias="true" displayMemberFormula="false" displayConsolidationOperators="false" applyToAllDim="false" name="Entity" hide="false" >
 <function name="ILvl0Descendants" >
 <member name="GTS_LAG_ASIA" />
</function>
</dimension>
 <dimension displayName="false" displayAlias="true" displayMemberFormula="false" displayConsolidationOperators="false" applyToAllDim="false" name="Product" hide="false" >
 <member name="OHP_OTH" />
 <member name="CPT_OTH" />
 <member name="CPG_OTH" />
 <member name="PTA_SBU_OTH" />
 <member name="PTA_OTH" />
 <member name="PPT_OTH" />
 <member name="FAS_OTH" />
 <member name="ANF_OTH" />
 <member name="PPG_OTH" />
 <member name="CHT_OTH" />
 <member name="IA_TOOLS_OTH" />
 <member name="HTS_OTH" />
 <member name="STOR_OTH" />
 <member name="OTH_OTH" />
 <member name="Product_Oth" />
 <member name="Product_None" />
</dimension>
</segment>
</pages>
 <pov>
 <dimension displayName="false" displayAlias="true" displayMemberFormula="false" displayConsolidationOperators="false" applyToAllDim="false" name="Scenario" hide="true" >
 <member name="Actual" visible="true" />
</dimension>
 <dimension displayName="false" displayAlias="true" displayMemberFormula="false" displayConsolidationOperators="false" applyToAllDim="false" name="Version" hide="true" >
 <member name="Base" visible="true" />
</dimension>
 <dimension displayName="false" displayAlias="true" displayMemberFormula="false" displayConsolidationOperators="false" applyToAllDim="false" name="Currency" hide="true" >
 <member name="LocalCur" visible="true" />
</dimension>
 <dimension displayName="false" displayAlias="true" displayMemberFormula="false" displayConsolidationOperators="false" applyToAllDim="false" name="Customer" hide="true" >
 <member name="Customer_None" visible="true" />
</dimension>
 <dimension displayName="false" displayAlias="true" displayMemberFormula="false" displayConsolidationOperators="false" applyToAllDim="false" name="Function" hide="true" >
 <member name="Function_None" visible="true" />
</dimension>
</pov>
</query>
 <displayOptions>
 <precision useCurrencyPrecision="false" nonCurrencyMax="-1" nonCurrencyMin="0" currencyMax="2" percentageMax="1" currencyMin="2" percentageMin="1" />
 <display poundMissing="true" enableAttributeDisplay="false" enableCellAttach="true" enableAdHoc="false" multiCurrency="false" enableMassAllocation="false" accountAnnotation="false" enableGridSpread="true" />
 <printOptions>
 <pageSettings pageSize="A4" orientation="0" font="" fontSize="8" rowHeaderPercentage="35" numDataCols="10" />
 <format supportingDetails="false" applyPrecision="false" repeatHeaders="true" reverseSupport="false" formatData="true" />
 <printDisplay currency="true" shading="true" cellNotes="false" attribute="true" accountAnnotation="true" />
</printOptions>
 <smartViewOptions enableForSmartSlice="false" enableOfflineUsage="false" />
</displayOptions>
 <dataValidationRules>
 <dataValidationRulesOptions>
 <RunValidationsAsLoggedInUser>true</RunValidationsAsLoggedInUser>
 <ValidateOnlyForPagesWithBlocks>true</ValidateOnlyForPagesWithBlocks>
 <ValidateOnlyForUsersWithAccessToForm>true</ValidateOnlyForUsersWithAccessToForm>
</dataValidationRulesOptions>
</dataValidationRules>
 <formFormattings>
</formFormattings>
</form>
