<?xml version="1.0" encoding="UTF-8" ?>
 <form xmlns:xsi="http://www.w3.org/2001/XMLSchema-instance" name="7004: SBD AR Stats" dir="Forms/Actuals Stat" hide="false" autoSubmit="false" planType="1" globalAssumptions="false" enableCubeView="false" enableOffline="false" readOnly="false" calcOnAutoSubmit="false" >
 <description>Core statistics for Actuals Close Cycle</description>
 <query>
 <columns width="100" >
 <segment>
 <dimension displayName="false" displayAlias="true" displayMemberFormula="false" displayConsolidationOperators="false" applyToAllDim="false" name="Period" hide="false" expand="true" >
 <member name="&amp;CurMth" />
</dimension>
</segment>
</columns>
 <rows height="22" >
 <segment>
 <dimension displayName="false" displayAlias="true" displayMemberFormula="false" displayConsolidationOperators="false" applyToAllDim="false" name="Account" hide="false" expand="true" >
 <formula ordinal="1.0" dataType="0" label="ARStats" formulaValue="" />
</dimension>
</segment>
 <segment>
 <dimension displayName="false" displayAlias="true" displayMemberFormula="false" displayConsolidationOperators="false" applyToAllDim="false" name="Account" hide="false" expand="true" >
 <function name="ILvl0Descendants" >
 <member name="ARPastDue" />
</function>
</dimension>
</segment>
 <segment>
 <dimension displayName="false" displayAlias="true" displayMemberFormula="false" displayConsolidationOperators="false" applyToAllDim="false" name="Account" hide="false" expand="true" >
 <formula ordinal="1.0" dataType="0" label="" formulaValue="" />
</dimension>
</segment>
 <segment>
 <dimension displayName="false" displayAlias="true" displayMemberFormula="false" displayConsolidationOperators="false" applyToAllDim="false" name="Account" hide="false" expand="true" >
 <member name="DistressedRec" />
 <member name="ARRetention" />
 <member name="CustElec" />
</dimension>
</segment>
</rows>
 <pages>
 <segment>
 <dimension displayName="false" displayAlias="true" displayMemberFormula="false" displayConsolidationOperators="false" applyToAllDim="false" name="Entity" hide="false" >
 <member name="E0023" />
 <member name="E0098" />
 <member name="E0188" />
 <member name="E0193" />
 <member name="E0194" />
 <member name="E0195" />
 <member name="E0197" />
 <member name="E0237" />
 <member name="E0238" />
 <member name="E0310" />
 <member name="E0314" />
 <member name="E0325" />
 <member name="E0333" />
 <member name="E0337" />
 <member name="E0355" />
 <member name="E0363" />
 <member name="E0371" />
 <member name="E0379" />
 <member name="E0394" />
 <member name="E0395" />
 <member name="E0402" />
 <member name="E0424" />
 <member name="E0476" />
 <member name="E0481" />
 <member name="E0482" />
 <member name="E0484" />
 <member name="E0486" />
 <member name="E0487SCM" />
 <member name="E0521" />
 <member name="E0522" />
 <member name="E0523" />
 <member name="E0545" />
 <member name="E0547" />
 <member name="E0551" />
 <member name="E0595" />
 <member name="E0598" />
 <member name="E0639" />
 <member name="E0682" />
 <member name="E0684" />
 <member name="E0686" />
 <member name="E0739" />
 <member name="E0799" />
 <member name="E0839" />
 <member name="E0844" />
 <member name="E0848" />
 <member name="E2036" />
 <member name="E2100" />
 <member name="E2102" />
 <member name="E2104" />
 <member name="E2200" />
 <member name="E2203" />
 <member name="E2221" />
 <member name="E2222" />
 <member name="E2223" />
 <member name="E2224" />
 <member name="E2226" />
 <member name="E2246" />
 <member name="E2294" />
 <member name="E2296" />
 <member name="E2401" />
 <member name="E2407" />
 <member name="E2411" />
 <member name="E2412" />
 <member name="E2413" />
 <member name="E2430" />
 <member name="E2433" />
 <member name="E2443" />
 <member name="E2444" />
 <member name="E2450" />
 <member name="E2451" />
 <member name="E2481" />
 <member name="E2488" />
 <member name="E2492" />
 <member name="E395T" />
 <member name="E6200" />
 <member name="E0597" />
 <member name="E2431" />
 <member name="E2432" />
 <member name="E2490" />
 <member name="E2176" />
 <member name="E2469" />
 <member name="E0305" />
 <member name="E0308" />
 <member name="E0334" />
 <member name="E0636" />
 <member name="E2161" />
 <member name="E6203" />
 <member name="E2472" />
 <member name="GTS_US_Comm" />
 <member name="Reynosa" />
 <member name="Closed_Plants" />
 <member name="GTS_CA_Comm" />
 <member name="GTS_EUR_FRACOMM" />
 <member name="GTS_EUR_ITACOMM" />
 <member name="GTS_EUR_DOR_Tot" />
 <member name="E2765" />
</dimension>
 <dimension displayName="false" displayAlias="true" displayMemberFormula="false" displayConsolidationOperators="false" applyToAllDim="false" name="Customer" hide="false" >
 <member name="DirRtlg" />
 <function include="true" name="Descendants" >
 <member name="InDirRtlg" />
</function>
 <member name="OthCustGroups" />
 <member name="Customer_None" />
</dimension>
</segment>
</pages>
 <pov>
 <dimension displayName="false" displayAlias="true" displayMemberFormula="false" displayConsolidationOperators="false" applyToAllDim="false" name="Scenario" hide="false" >
 <member name="Actual" visible="true" />
</dimension>
 <dimension displayName="false" displayAlias="true" displayMemberFormula="false" displayConsolidationOperators="false" applyToAllDim="false" name="Version" hide="false" >
 <member name="Base" visible="true" />
</dimension>
 <dimension displayName="false" displayAlias="true" displayMemberFormula="false" displayConsolidationOperators="false" applyToAllDim="false" name="Currency" hide="false" >
 <member name="LocalCur" visible="true" />
</dimension>
 <dimension displayName="false" displayAlias="true" displayMemberFormula="false" displayConsolidationOperators="false" applyToAllDim="false" name="Function" hide="false" >
 <member name="Function_None" visible="true" />
</dimension>
 <dimension displayName="false" displayAlias="true" displayMemberFormula="false" displayConsolidationOperators="false" applyToAllDim="false" name="Product" hide="false" >
 <member name="Product_None" visible="true" />
</dimension>
 <dimension displayName="false" displayAlias="true" displayMemberFormula="false" displayConsolidationOperators="false" applyToAllDim="false" name="Years" hide="false" >
 <member name="&amp;CY" visible="true" />
</dimension>
</pov>
</query>
 <displayOptions>
 <precision useCurrencyPrecision="false" nonCurrencyMax="-1" nonCurrencyMin="0" currencyMax="2" percentageMax="1" currencyMin="2" percentageMin="1" />
 <display poundMissing="true" enableAttributeDisplay="false" enableCellAttach="true" enableAdHoc="false" multiCurrency="false" enableMassAllocation="false" accountAnnotation="false" enableGridSpread="true" />
 <printOptions>
 <pageSettings pageSize="A4" orientation="0" font="" fontSize="8" rowHeaderPercentage="35" numDataCols="10" />
 <format supportingDetails="false" applyPrecision="false" repeatHeaders="true" reverseSupport="false" formatData="true" />
 <printDisplay currency="true" shading="true" cellNotes="false" attribute="true" accountAnnotation="true" />
</printOptions>
 <smartViewOptions enableForSmartSlice="false" enableOfflineUsage="false" />
</displayOptions>
 <dataValidationRules>
 <dataValidationRule position="1" name="BlankRow2" enabled="true" description="" rowLocation="1.0" colLocation="-1.0" >
 <dataValidationCond toolTip="" groupOpenNestingLevel="0" operator="9" displayMessageInDVPane="true" honorPmRules="false" negate="false" groupCloseNestingLevel="0" position="1" styleId="0" type="1" bgColor="" Valid="true" logicalOperator="0" >
 <compareValue type="1" value="" >
</compareValue>
 <compareToValue type="7" value="&quot;99999&quot;" >
</compareToValue>
</dataValidationCond>
 <dataValidationCond toolTip="" groupOpenNestingLevel="0" operator="0" displayMessageInDVPane="false" honorPmRules="false" negate="false" groupCloseNestingLevel="0" position="2" styleId="0" type="5" bgColor="12507903" Valid="true" logicalOperator="0" >
 <compareValue type="6" value="" >
</compareValue>
 <compareToValue type="0" value="" >
</compareToValue>
</dataValidationCond>
</dataValidationRule>
 <dataValidationRulesOptions>
 <RunValidationsAsLoggedInUser>true</RunValidationsAsLoggedInUser>
 <ValidateOnlyForPagesWithBlocks>true</ValidateOnlyForPagesWithBlocks>
 <ValidateOnlyForUsersWithAccessToForm>true</ValidateOnlyForUsersWithAccessToForm>
</dataValidationRulesOptions>
</dataValidationRules>
 <formFormattings>
</formFormattings>
</form>
