﻿#!-- HEADERBLOCK DIMENSION XML
<?xml version="1.0" encoding="UTF-8" ?>
<DIMENSIONS>
 <Dimension csversion="2.5" density="Sparse" dimensionName="Custom" name="Customer" dimensionType="None" origname="Customer" DimensionAlias="Customer" comment="" >
 <Plan1Density>Sparse</Plan1Density>
 <Plan2Density>Sparse</Plan2Density>
 <Plan3Density>Sparse</Plan3Density>
 <Plan4Density>Sparse</Plan4Density>
 <Plan5Density>Sparse</Plan5Density>
 <Plan6Density>Sparse</Plan6Density>
 <Plan7Density>Sparse</Plan7Density>
 <Plan8Density>Sparse</Plan8Density>
 <Plan9Density>Sparse</Plan9Density>
 <Plan10Density>Sparse</Plan10Density>
 <Plan11Density>Sparse</Plan11Density>
 <Plan12Density>Sparse</Plan12Density>
 <Plan13Density>Sparse</Plan13Density>
 <Plan14Density>Sparse</Plan14Density>
 <Plan15Density>Sparse</Plan15Density>
 <EnumOrder1>0</EnumOrder1>
 <EnumOrder2>0</EnumOrder2>
 <EnumOrder3>0</EnumOrder3>
 <EnumOrder4>0</EnumOrder4>
 <EnumOrder5>0</EnumOrder5>
 <EnumOrder6>0</EnumOrder6>
 <EnumOrder7>0</EnumOrder7>
 <EnumOrder8>0</EnumOrder8>
 <EnumOrder9>0</EnumOrder9>
 <EnumOrder10>0</EnumOrder10>
 <EnumOrder11>0</EnumOrder11>
 <EnumOrder12>0</EnumOrder12>
 <EnumOrder13>0</EnumOrder13>
 <EnumOrder14>0</EnumOrder14>
 <EnumOrder15>0</EnumOrder15>
 <Plan1PerfOrder>5</Plan1PerfOrder>
 <Plan2PerfOrder>10</Plan2PerfOrder>
 <Plan3PerfOrder>10</Plan3PerfOrder>
 <Plan4PerfOrder>10</Plan4PerfOrder>
 <Plan5PerfOrder>10</Plan5PerfOrder>
 <Plan6PerfOrder>10</Plan6PerfOrder>
 <Plan7PerfOrder>10</Plan7PerfOrder>
 <Plan8PerfOrder>5</Plan8PerfOrder>
 <Plan9PerfOrder>5</Plan9PerfOrder>
 <Plan10PerfOrder>5</Plan10PerfOrder>
 <Plan11PerfOrder>5</Plan11PerfOrder>
 <Plan12PerfOrder>5</Plan12PerfOrder>
 <Plan13PerfOrder>5</Plan13PerfOrder>
 <Plan14PerfOrder>5</Plan14PerfOrder>
 <Plan15PerfOrder>5</Plan15PerfOrder>
 <ApplySecurity>N</ApplySecurity>
 <DisplayOption>MEMBER_NAME</DisplayOption>
 <Consolidation>~</Consolidation>
 <ConsolidationWF>NotUsed</ConsolidationWF>
 <ConsolidationCX>NotUsed</ConsolidationCX>
 <Consolidation8>NotUsed</Consolidation8>
 <Consolidation16>NotUsed</Consolidation16>
 <Consolidation32>NotUsed</Consolidation32>
 <Consolidation64>NotUsed</Consolidation64>
 <Consolidation128>NotUsed</Consolidation128>
 <Consolidation256>NotUsed</Consolidation256>
 <Consolidation512>NotUsed</Consolidation512>
 <Consolidation1024>NotUsed</Consolidation1024>
 <Consolidation2048>NotUsed</Consolidation2048>
 <Consolidation4096>NotUsed</Consolidation4096>
 <Consolidation8192>NotUsed</Consolidation8192>
 <Consolidation16384>NotUsed</Consolidation16384>
 <ValidForPlan1>Y</ValidForPlan1>
 <ValidForPlan2>N</ValidForPlan2>
 <ValidForPlan3>N</ValidForPlan3>
 <ValidForPlan4>N</ValidForPlan4>
 <ValidForPlan5>N</ValidForPlan5>
 <ValidForPlan6>N</ValidForPlan6>
 <ValidForPlan7>N</ValidForPlan7>
 <ValidForPlan8>N</ValidForPlan8>
 <ValidForPlan9>N</ValidForPlan9>
 <ValidForPlan10>N</ValidForPlan10>
 <ValidForPlan11>N</ValidForPlan11>
 <ValidForPlan12>N</ValidForPlan12>
 <ValidForPlan13>N</ValidForPlan13>
 <ValidForPlan14>N</ValidForPlan14>
 <ValidForPlan15>N</ValidForPlan15>
 <Alias table="Default" >Total Customer</Alias>
 <DataStorage>StoreData</DataStorage>
 <DataStorage2>StoreData</DataStorage2>
 <DataStorage4>StoreData</DataStorage4>
 <DataStorage8>StoreData</DataStorage8>
 <DataStorage16>StoreData</DataStorage16>
 <DataStorage32>StoreData</DataStorage32>
 <DataStorage64>StoreData</DataStorage64>
 <DataStorage128>StoreData</DataStorage128>
 <DataStorage256>StoreData</DataStorage256>
 <DataStorage512>StoreData</DataStorage512>
 <DataStorage1024>StoreData</DataStorage1024>
 <DataStorage2048>StoreData</DataStorage2048>
 <DataStorage4096>StoreData</DataStorage4096>
 <DataStorage8192>StoreData</DataStorage8192>
 <DataStorage16384>StoreData</DataStorage16384>
 <HierarchyType>None</HierarchyType>
 <DataType>Unspecified</DataType>
</Dimension>
</DIMENSIONS>
#--!
Customer, Parent, Alias: Default, Valid For Consolidations, Data Storage, Two Pass Calculation, Description, Formula, UDA, Smart List, Data Type, Hierarchy Type, Enable for Dynamic Children, Number of Possible Dynamic Children, Access Granted to Member Creator, Plan Type (FinPlan), Aggregation (FinPlan), Data Storage (FinPlan), Formula (FinPlan)
Direct_Tot,Customer,Direct Total,false,store,false,,<none>,,,unspecified,none,,,,true,+,store,<none>
DirRtlg,Direct_Tot,Direct Retailing,false,store,false,,<none>,,,unspecified,none,,,,true,+,store,<none>
InDirRtlg,Customer,Indirect Retailing,false,store,false,,<none>,,,unspecified,none,,,,true,+,store,<none>
Consumer,InDirRtlg,Consumer Market Group,false,store,false,,<none>,,,unspecified,none,,,,true,+,store,<none>
Retail,Consumer,Retail Group,false,store,false,,<none>,,,unspecified,none,,,,true,+,store,<none>
Natl_Retail,Retail,NA National Retail,false,store,false,,<none>,,,unspecified,none,,,,true,+,store,<none>
REG_MASS,Natl_Retail,Regional Mass,false,store,false,,<none>,,,unspecified,none,,,,true,+,store,<none>
MassMerch,REG_MASS,Mass Merchants,false,store,false,,<none>,,,unspecified,none,,,,true,+,store,<none>
Walmart,MassMerch,,false,store,false,,<none>,,,unspecified,none,,,,true,+,store,<none>
SearsKmart,MassMerch,Sears / Kmart,false,store,false,,<none>,,,unspecified,none,,,,true,+,store,<none>
Target,MassMerch,,false,store,false,,<none>,,,unspecified,none,,,,true,+,store,<none>
RGMass,MassMerch,RG Mass,false,store,false,,<none>,,,unspecified,none,,,,true,+,store,<none>
BigW,MassMerch,Big W,false,store,false,,<none>,,,unspecified,none,,,,true,+,store,<none>
FARM_Grp,REG_MASS,Retail Farm,false,store,false,,<none>,,,unspecified,none,,,,true,+,store,<none>
TSC,FARM_Grp,Tractor Supply,false,store,false,,<none>,,,unspecified,none,,,,true,+,store,<none>
Farm,FARM_Grp,,false,store,false,,<none>,,,unspecified,none,,,,true,+,store,<none>
Big4RW_IND,REG_MASS,Big4RW IND,false,store,false,,<none>,,,unspecified,stored,,,,true,+,store,<none>
Big4RW,Big4RW_IND,Big 4 / RW,false,store,false,,<none>,,,unspecified,none,,,,true,+,store,<none>
RegWarehouse,Big4RW,Regional Warehouse,false,store,false,,<none>,,,unspecified,none,,,,true,+,store,<none>
DIB,Big4RW,Do it Best,false,store,false,,<none>,,,unspecified,none,,,,true,+,store,<none>
TrueValue,Big4RW,True Value,false,store,false,,<none>,,,unspecified,none,,,,true,+,store,<none>
ACE,Big4RW,Ace Hardware,false,store,false,,<none>,,,unspecified,none,,,,true,+,store,<none>
ORG,Big4RW,Orgill,false,store,false,,<none>,,,unspecified,none,,,,true,+,store,<none>
Big4RW_HIST,Big4RW,Big4 / RW - Historical,false,store,false,,<none>,,,unspecified,none,,,,true,+,store,<none>
Comm_Indstrl,Big4RW_IND,Commercial Industrial,false,store,false,,<none>,,,unspecified,none,,,,true,+,store,<none>
Menards,REG_MASS,,false,store,false,,<none>,,,unspecified,none,,,,true,+,store,<none>
CanadianTire,REG_MASS,Canadian Tire,false,store,false,,<none>,,,unspecified,none,,,,true,+,store,<none>
AutoRetail,REG_MASS,Automotive Retail,false,store,false,,<none>,,,unspecified,none,,,,true,+,store,<none>
Ecomm_Grp,Retail,Ecomm Group,false,store,false,,<none>,,,unspecified,none,,,,true,+,store,<none>
Ecommerce,Ecomm_Grp,E-Commerce,false,store,false,,<none>,,,unspecified,none,,,,true,+,store,<none>
Amazon,Ecomm_Grp,,false,store,false,,<none>,,,unspecified,none,,,,true,+,store,<none>
DIYZ,Ecomm_Grp,ECOMM DIY App,false,store,false,,<none>,,,unspecified,none,,,,true,+,store,<none>
HomeCenters,Retail,Home Centers,false,store,false,,<none>,,,unspecified,none,,,,true,+,store,<none>
HomeDepot_Grp,HomeCenters,Home Depot Group,false,store,false,,<none>,,,unspecified,none,,,,true,+,store,<none>
HomeDepot,HomeDepot_Grp,Home Depot,false,store,false,,<none>,,,unspecified,none,,,,true,+,store,<none>
HomeDepot_COM,HomeDepot_Grp,HomeDepotcom,false,store,false,,<none>,,,unspecified,none,,,,true,+,store,<none>
Lowes_Group,HomeCenters,Lowes Retail Group,false,store,false,,<none>,,,unspecified,none,,,,true,+,store,<none>
Lowes,Lowes_Group,,false,store,false,,<none>,,,unspecified,none,,,,true,+,store,<none>
Orchard,Lowes_Group,,false,store,false,,<none>,,,unspecified,none,,,,true,+,store,<none>
Rona,Lowes_Group,,false,store,false,,<none>,,,unspecified,none,,,,true,+,store,<none>
Bunnings,HomeCenters,Bunnings Group,false,store,false,,<none>,,,unspecified,none,,,,true,+,store,<none>
HomeCenters_Grp,HomeCenters,Other Home Center Group,false,store,false,,<none>,,,unspecified,none,,,,true,+,store,<none>
OthRetail,Retail,Other Retail,false,store,false,,<none>,,,unspecified,none,,,,true,+,store,<none>
Retail_Oth,Retail,Retail Other,false,store,false,,<none>,,,unspecified,none,,,,true,+,store,<none>
Commercial,Consumer,Commercial Group,false,store,false,,<none>,,,unspecified,none,,,,true,+,store,<none>
Field_Total,Commercial,Field Total,false,store,false,,<none>,,,unspecified,stored,,,,true,+,store,<none>
Comm_Construction,Commercial,Commercial Construction,false,store,false,,<none>,,,unspecified,none,,,,true,+,store,<none>
Field_US,Comm_Construction,Field US Grp,false,store,false,,<none>,,,unspecified,none,,,,true,+,store,<none>
Field_US_Oth,Field_US,Field US - Other,false,store,false,,<none>,,,unspecified,none,,,,true,+,store,<none>
ICField_Central,Field_US,Field - Central,false,store,false,,<none>,,,unspecified,none,,,,true,+,store,<none>
ICField_Midwest,Field_US,Field - Midwest,false,store,false,,<none>,,,unspecified,none,,,,true,+,store,<none>
ICField_NonReg,Field_US,Field - Non Regional,false,store,false,,<none>,,,unspecified,none,,,,true,+,store,<none>
ICField_Northeast,Field_US,Field - Northeast,false,store,false,,<none>,,,unspecified,none,,,,true,+,store,<none>
ICField_Southeast,Field_US,Field - Southeast,false,store,false,,<none>,,,unspecified,none,,,,true,+,store,<none>
ICField_WestCoast,Field_US,Field - West Coast,false,store,false,,<none>,,,unspecified,none,,,,true,+,store,<none>
Hillman,Field_US,,false,store,false,,<none>,,,unspecified,none,,,,true,+,store,<none>
Field_CA,Comm_Construction,Field Canada,false,store,false,,<none>,,,unspecified,none,,,,true,+,store,<none>
Alberta_Field,Field_CA,Alberta & Praries Zone,false,store,false,,<none>,,,unspecified,none,,,,true,+,store,<none>
BC_Field,Field_CA,British Columbia Zone,false,store,false,,<none>,,,unspecified,none,,,,true,+,store,<none>
Eastern_Field,Field_CA,Eastern Zone,false,store,false,,<none>,,,unspecified,none,,,,true,+,store,<none>
Field_CA_Oth,Field_CA,Field Canada - Other,false,store,false,,<none>,,,unspecified,none,,,,true,+,store,<none>
Ontario_Field,Field_CA,Ontario Zone,false,store,false,,<none>,,,unspecified,none,,,,true,+,store,<none>
2Step,Comm_Construction,2 Step,false,store,false,,<none>,,,unspecified,none,,,,true,+,store,<none>
HH_TSC,2Step,HH/TSC,false,store,false,,<none>,,,unspecified,none,,,,true,+,store,<none>
ALBERTA_2Step,2Step,ALBERTA 2-STEP,false,store,false,,<none>,,,unspecified,none,,,,true,+,store,<none>
MANITOBA_2step,2Step,MANITOBA 2-STEP,false,store,false,,<none>,,,unspecified,none,,,,true,+,store,<none>
EASTERN_2Step,2Step,EASTERN 2-STEP,false,store,false,,<none>,,,unspecified,none,,,,true,+,store,<none>
Ind_NatAcct,Commercial,Industrial National Accounts,false,store,false,,<none>,,,unspecified,none,,,,true,+,store,<none>
T1NatAcct,Ind_NatAcct,Tier 1 National Accts,false,store,false,,<none>,,,unspecified,none,,,,true,+,store,<none>
Grainger,T1NatAcct,,false,store,false,,<none>,,,unspecified,none,,,,true,+,store,<none>
T1NatAcct_Oth,T1NatAcct,T1NatAcct_Oth-Other Tier 1 Natl Accts,false,store,false,,<none>,,,unspecified,none,,,,true,+,store,<none>
PSD_Total,Ind_NatAcct,Product Services,false,store,false,,<none>,,,unspecified,none,,,,true,+,store,<none>
DSD,Ind_NatAcct,Direct Sales Division,false,store,false,,<none>,,,unspecified,none,,,,true,+,store,<none>
Commercial_Oth,Commercial,Other Commercial,false,store,false,,<none>,,,unspecified,none,,,,true,+,store,<none>
ProfSupp,Consumer,Professional Supply,false,store,false,,<none>,,,unspecified,none,,,,true,+,store,<none>
RetailingOth,Consumer,Other Retailing,false,store,false,,<none>,,,unspecified,none,,,,true,+,store,<none>
Royalties,RetailingOth,Royalties Customer,false,store,false,,<none>,,,unspecified,none,,,,true,+,store,<none>
CustAllOth,RetailingOth,Other Customers,false,store,false,,<none>,,,unspecified,none,,,,true,+,store,<none>
Traditional_Channel,Consumer,Traditional Channel,false,store,false,,<none>,,,unspecified,none,,,,true,+,store,<none>
Modern_Channel,Consumer,Modern Channel,false,store,false,,<none>,,,unspecified,none,,,,true,+,store,<none>
Ecomm_Channel_GEM,Consumer,Ecommerce Channel GEM,false,store,false,,<none>,,,unspecified,none,,,,true,+,store,<none>
Service,Consumer,Service GEM,false,store,false,,<none>,,,unspecified,none,,,,true,+,store,<none>
Consumer_Oth,Consumer,Consumer Market Other,false,store,false,,<none>,,,unspecified,none,,,,true,+,store,<none>
Industrial,InDirRtlg,Industrial Group,false,store,false,,<none>,,,unspecified,none,,,,true,+,store,<none>
Auto_Cust,Industrial,Automotive Customers,false,store,false,,<none>,,,unspecified,none,,,,true,+,store,<none>
AutoRepair,Auto_Cust,Automotive Repair,false,store,false,,<none>,,,unspecified,none,,,,true,+,store,<none>
AutoRepair_Direct,AutoRepair,Auto Repair Direct,false,store,false,,<none>,,,unspecified,none,,,,true,+,store,<none>
Mobile_Distr,AutoRepair,Mobile Distribution,false,store,false,,<none>,,,unspecified,none,,,,true,+,store,<none>
AutoRepair_Oth,AutoRepair,Automotive Repair - Other,false,store,false,,<none>,,,unspecified,none,,,,true,+,store,<none>
Storage_Cust,Industrial,Engineered Storage Customers,false,store,false,,<none>,,,unspecified,none,,,,true,+,store,<none>
ElectronicMRO,Industrial,Electronics MRO,false,store,false,,<none>,,,unspecified,none,,,,true,+,store,<none>
Indust_Bandsaw_Cst,Industrial,Industrial Bandsaw Customer,false,store,false,,<none>,,,unspecified,none,,,,true,+,store,<none>
Industrial_Group_Oth,Industrial,Industrial Group Other,false,store,false,,<none>,,,unspecified,none,,,,true,+,store,<none>
OthCustGroups,Customer,Other Customer Groups,false,store,false,,<none>,,,unspecified,none,,,,true,+,store,<none>
Customer_None,Customer,No Customer,false,store,false,,<none>,,,unspecified,none,,,,true,+,store,<none>
Customer_Unallocated,Customer,Unallocated Customer,false,store,false,,<none>,,,unspecified,none,,,,true,+,store,<none>
