﻿#!-- HEADERBLOCK DIMENSION XML
<?xml version="1.0" encoding="UTF-8" ?>
<DIMENSIONS>
 <Dimension csversion="2.5" density="Sparse" dimensionName="Custom" name="Function" dimensionType="None" origname="Function" DimensionAlias="Function" comment="" >
 <Plan1Density>Sparse</Plan1Density>
 <Plan2Density>Sparse</Plan2Density>
 <Plan3Density>Sparse</Plan3Density>
 <Plan4Density>Sparse</Plan4Density>
 <Plan5Density>Sparse</Plan5Density>
 <Plan6Density>Sparse</Plan6Density>
 <Plan7Density>Sparse</Plan7Density>
 <Plan8Density>Sparse</Plan8Density>
 <Plan9Density>Sparse</Plan9Density>
 <Plan10Density>Sparse</Plan10Density>
 <Plan11Density>Sparse</Plan11Density>
 <Plan12Density>Sparse</Plan12Density>
 <Plan13Density>Sparse</Plan13Density>
 <Plan14Density>Sparse</Plan14Density>
 <Plan15Density>Sparse</Plan15Density>
 <EnumOrder1>0</EnumOrder1>
 <EnumOrder2>0</EnumOrder2>
 <EnumOrder3>0</EnumOrder3>
 <EnumOrder4>0</EnumOrder4>
 <EnumOrder5>0</EnumOrder5>
 <EnumOrder6>0</EnumOrder6>
 <EnumOrder7>0</EnumOrder7>
 <EnumOrder8>0</EnumOrder8>
 <EnumOrder9>0</EnumOrder9>
 <EnumOrder10>0</EnumOrder10>
 <EnumOrder11>0</EnumOrder11>
 <EnumOrder12>0</EnumOrder12>
 <EnumOrder13>0</EnumOrder13>
 <EnumOrder14>0</EnumOrder14>
 <EnumOrder15>0</EnumOrder15>
 <Plan1PerfOrder>7</Plan1PerfOrder>
 <Plan2PerfOrder>11</Plan2PerfOrder>
 <Plan3PerfOrder>11</Plan3PerfOrder>
 <Plan4PerfOrder>11</Plan4PerfOrder>
 <Plan5PerfOrder>11</Plan5PerfOrder>
 <Plan6PerfOrder>11</Plan6PerfOrder>
 <Plan7PerfOrder>11</Plan7PerfOrder>
 <Plan8PerfOrder>7</Plan8PerfOrder>
 <Plan9PerfOrder>7</Plan9PerfOrder>
 <Plan10PerfOrder>7</Plan10PerfOrder>
 <Plan11PerfOrder>7</Plan11PerfOrder>
 <Plan12PerfOrder>7</Plan12PerfOrder>
 <Plan13PerfOrder>7</Plan13PerfOrder>
 <Plan14PerfOrder>7</Plan14PerfOrder>
 <Plan15PerfOrder>7</Plan15PerfOrder>
 <ApplySecurity>N</ApplySecurity>
 <DisplayOption>MEMBER_NAME</DisplayOption>
 <Consolidation>~</Consolidation>
 <ConsolidationWF>NotUsed</ConsolidationWF>
 <ConsolidationCX>NotUsed</ConsolidationCX>
 <Consolidation8>NotUsed</Consolidation8>
 <Consolidation16>NotUsed</Consolidation16>
 <Consolidation32>NotUsed</Consolidation32>
 <Consolidation64>NotUsed</Consolidation64>
 <Consolidation128>NotUsed</Consolidation128>
 <Consolidation256>NotUsed</Consolidation256>
 <Consolidation512>NotUsed</Consolidation512>
 <Consolidation1024>NotUsed</Consolidation1024>
 <Consolidation2048>NotUsed</Consolidation2048>
 <Consolidation4096>NotUsed</Consolidation4096>
 <Consolidation8192>NotUsed</Consolidation8192>
 <Consolidation16384>NotUsed</Consolidation16384>
 <ValidForPlan1>Y</ValidForPlan1>
 <ValidForPlan2>N</ValidForPlan2>
 <ValidForPlan3>N</ValidForPlan3>
 <ValidForPlan4>N</ValidForPlan4>
 <ValidForPlan5>N</ValidForPlan5>
 <ValidForPlan6>N</ValidForPlan6>
 <ValidForPlan7>N</ValidForPlan7>
 <ValidForPlan8>N</ValidForPlan8>
 <ValidForPlan9>N</ValidForPlan9>
 <ValidForPlan10>N</ValidForPlan10>
 <ValidForPlan11>N</ValidForPlan11>
 <ValidForPlan12>N</ValidForPlan12>
 <ValidForPlan13>N</ValidForPlan13>
 <ValidForPlan14>N</ValidForPlan14>
 <ValidForPlan15>N</ValidForPlan15>
 <Alias table="Default" ></Alias>
 <DataStorage>LabelOnly</DataStorage>
 <DataStorage2>LabelOnly</DataStorage2>
 <DataStorage4>LabelOnly</DataStorage4>
 <DataStorage8>LabelOnly</DataStorage8>
 <DataStorage16>LabelOnly</DataStorage16>
 <DataStorage32>LabelOnly</DataStorage32>
 <DataStorage64>LabelOnly</DataStorage64>
 <DataStorage128>LabelOnly</DataStorage128>
 <DataStorage256>LabelOnly</DataStorage256>
 <DataStorage512>LabelOnly</DataStorage512>
 <DataStorage1024>LabelOnly</DataStorage1024>
 <DataStorage2048>LabelOnly</DataStorage2048>
 <DataStorage4096>LabelOnly</DataStorage4096>
 <DataStorage8192>LabelOnly</DataStorage8192>
 <DataStorage16384>LabelOnly</DataStorage16384>
 <HierarchyType>None</HierarchyType>
 <DataType>Unspecified</DataType>
</Dimension>
</DIMENSIONS>
#--!
Function, Parent, Alias: Default, Valid For Consolidations, Data Storage, Two Pass Calculation, Description, Formula, UDA, Smart List, Data Type, Hierarchy Type, Enable for Dynamic Children, Number of Possible Dynamic Children, Access Granted to Member Creator, Plan Type (FinPlan), Aggregation (FinPlan), Data Storage (FinPlan), Formula (FinPlan)
Total_Function,Function,Total Function,false,store,false,,<none>,,,unspecified,none,,,,true,+,store,<none>
Function_None,Total_Function,No Function,false,store,false,,<none>,,,unspecified,none,,,,true,+,store,<none>
COS,Total_Function,Cost of Sales,false,store,false,,<none>,,,unspecified,none,,,,true,+,store,<none>
MFG,COS,Manufacturing Function,false,store,false,,<none>,,,unspecified,none,,,,true,+,store,<none>
MFGDirect,MFG,Mfg Direct,false,store,false,,<none>,,,unspecified,none,,,,true,+,store,<none>
MFGDL,MFGDirect,Mfg Direct Cost,false,store,false,,<none>,,,unspecified,none,,,,true,+,store,<none>
MFGDIROTH,MFGDirect,Mfg Direct Other,false,store,false,,<none>,,,unspecified,none,,,,true,+,store,<none>
MFGIndirect,MFG,Mfg Indirect,false,store,false,,<none>,,,unspecified,none,,,,true,+,store,<none>
MFGIndOps,MFGIndirect,MFG Indirect Operations,false,store,false,,<none>,,,unspecified,none,,,,true,+,store,<none>
MFGIndOps_Indir,MFGIndOps,MFG Indirect Operations Indirect,false,store,false,,<none>,,,unspecified,none,,,,true,+,store,<none>
OpsPlng,MFGIndOps_Indir,Operations Planning,false,store,false,,<none>,,,unspecified,none,,,,true,+,store,<none>
SupChain,OpsPlng,Supply Chain Total,false,store,false,,<none>,,,unspecified,none,,,,true,+,store,<none>
DemandPlng,OpsPlng,Demand Planning Total,false,store,false,,<none>,,,unspecified,none,,,,true,+,store,<none>
F84399,MFGIndOps_Indir,F84399-Mfg Indirect Other,false,store,false,,<none>,,,unspecified,none,,,,true,+,store,<none>
F84340,MFGIndOps_Indir,F84340-IT Mfg Indirect,false,store,false,,<none>,,,unspecified,none,,,,true,+,store,<none>
F84324,MFGIndOps_Indir,F84324-Installation/Maintenance,false,store,false,,<none>,,,unspecified,none,,,,true,+,store,<none>
F84325,MFGIndOps_Indir,F84325-Indirect Hourly,false,store,false,,<none>,,,unspecified,none,,,,true,+,store,<none>
MFGIndOps_Base,MFGIndOps,MFG Indirect Operations Base,false,store,false,,<none>,,,unspecified,none,,,,true,+,store,<none>
F84336,MFGIndOps_Base,F84336-BDCI Profits_Costs,false,store,false,,<none>,,,unspecified,none,,,,true,+,store,<none>
F84329,MFGIndOps_Base,F84329-Mfg-IM Plant Ops (ST Base),false,store,false,,<none>,,,unspecified,none,,,,true,+,store,<none>
F84328,MFGIndOps_Base,F84328-Mfg Finance Plant Ops (ST Base),false,store,false,,<none>,,,unspecified,none,,,,true,+,store,<none>
F84327,MFGIndOps_Base,F84327-Mfg HR Plant Ops (ST Base),false,store,false,,<none>,,,unspecified,none,,,,true,+,store,<none>
F84319,MFGIndOps_Base,F84319-Process Eng/SPS Employ,false,store,false,,<none>,,,unspecified,none,,,,true,+,store,<none>
F84317,MFGIndOps_Base,F84317-Special Projects,false,store,false,,<none>,,,unspecified,none,,,,true,+,store,<none>
F84316,MFGIndOps_Base,F84316-Procurement,false,store,false,,<none>,,,unspecified,none,,,,true,+,store,<none>
F84314S,MFGIndOps_Base,Mfg Long Term Base,false,store,false,,<none>,,,unspecified,none,,,,true,+,store,<none>
F84313,MFGIndOps_Base,F84313-Safety/Environmental,false,store,false,,<none>,,,unspecified,none,,,,true,+,store,<none>
F84312,MFGIndOps_Base,F84312-Quality,false,store,false,,<none>,,,unspecified,none,,,,true,+,store,<none>
F84311S,MFGIndOps_Base,Mfg Short term Base,false,store,false,,<none>,,,unspecified,none,,,,true,+,store,<none>
MFGIndOth,MFGIndirect,MFG Indirect Other,false,store,false,,<none>,,,unspecified,none,,,,true,+,store,<none>
F84350,MFGIndOth,F84350-Mfg Allocations,false,store,false,,<none>,,,unspecified,none,,,,true,+,store,<none>
F84379,MFGIndOth,F84379-Mfg Warranty,false,store,false,,<none>,,,unspecified,none,,,,true,+,store,<none>
SVC,COS,Function - Services,false,store,false,,<none>,,,unspecified,none,,,,true,+,store,<none>
COSOther,COS,Variances & Other Costs,false,store,false,,<none>,,,unspecified,none,,,,true,+,store,<none>
SGA,Total_Function,SGA Expenses,false,store,false,,<none>,,,unspecified,none,,,,true,+,store,<none>
SGA_exDIST,SGA,SG&A Excluding DC Expenses,false,store,false,,<none>,,,unspecified,none,,,,true,+,store,<none>
Support,SGA_exDIST,SGA-Support,false,store,false,,<none>,,,unspecified,none,,,,true,+,store,<none>
FINANCE,Support,Finance Function,false,store,false,,<none>,,,unspecified,none,,,,true,+,store,<none>
ITFunc,Support,IT Function,false,store,false,,<none>,,,unspecified,none,,,,true,+,store,<none>
LEGAL,Support,Legal Function,false,store,false,,<none>,,,unspecified,none,,,,true,+,store,<none>
HRFunc,Support,Human Resources Function,false,store,false,,<none>,,,unspecified,none,,,,true,+,store,<none>
ADM,Support,Administrative Function,false,store,false,,<none>,,,unspecified,none,,,,true,+,store,<none>
F90701,ADM,F90701-Non Operating Properties,false,store,false,,<none>,,,unspecified,none,,,,true,+,store,<none>
F90001,ADM,F90001-Admin General,false,store,false,,<none>,,,unspecified,none,,,,true,+,store,<none>
F90004,ADM,F90004-Indirect Procurement,false,store,false,,<none>,,,unspecified,none,,,,true,+,store,<none>
F90801,ADM,F90801-Executive Office Expense,false,store,false,,<none>,,,unspecified,none,,,,true,+,store,<none>
F90805,ADM,F90805-PMO,false,store,false,,<none>,,,unspecified,none,,,,true,+,store,<none>
F90890,ADM,F90890-Admin General Allocations,false,store,false,,<none>,,,unspecified,none,,,,true,+,store,<none>
F90900,ADM,F90900-Admin Other Facilities,false,store,false,,<none>,,,unspecified,none,,,,true,+,store,<none>
F90899,ADM,F90899-Admin Other,false,store,false,,<none>,,,unspecified,none,,,,true,+,store,<none>
MISCOTH,Support,Other Miscellaneous Function,false,store,false,,<none>,,,unspecified,none,,,,true,+,store,<none>
Growth,SGA_exDIST,SG&A-Growth,false,store,false,,<none>,,,unspecified,none,,,,true,+,store,<none>
BUSDEV,Growth,Business Development,false,never share,false,,<none>,,,unspecified,none,,,,true,+,never share,<none>
ENG,Growth,Engineering Function,false,store,false,,<none>,,,unspecified,none,,,,true,+,store,<none>
ENGOTH,ENG,Engineering Other Function,false,store,false,,<none>,,,unspecified,none,,,,true,+,store,<none>
F85107,ENG,F85107-Test and Support,false,store,false,,<none>,,,unspecified,none,,,,true,+,store,<none>
F85108,ENG,F85108-Central Research and Dev,false,store,false,,<none>,,,unspecified,none,,,,true,+,store,<none>
F85109,ENG,F85109-Industrial Design,false,store,false,,<none>,,,unspecified,none,,,,true,+,store,<none>
MKT_ADV,Growth,Marketing and Advertising,false,store,false,,<none>,,,unspecified,none,,,,true,+,store,<none>
MKT,MKT_ADV,Marketing Function,false,store,false,,<none>,,,unspecified,none,,,,true,+,store,<none>
CHANNEL_MKT,MKT,Channel Marketing Expenses,false,store,false,,<none>,,,unspecified,none,,,,true,+,store,<none>
GENERAL_MKT,MKT,General Marketing Expenses,false,store,false,,<none>,,,unspecified,none,,,,true,+,store,<none>
PRODUCT_MKT,MKT,Product Marketing Expense,false,store,false,,<none>,,,unspecified,none,,,,true,+,store,<none>
F86114,PRODUCT_MKT,F86114-Catalogues Manager,false,store,false,,<none>,,,unspecified,none,,,,true,+,store,<none>
F86119,PRODUCT_MKT,F86119-Product Management,false,store,false,,<none>,,,unspecified,none,,,,true,+,store,<none>
F86103,PRODUCT_MKT,F86103-Product Marketing,false,store,false,,<none>,,,unspecified,none,,,,true,+,store,<none>
F86110,PRODUCT_MKT,F86110-Product Training,false,store,false,,<none>,,,unspecified,none,,,,true,+,store,<none>
ADV,MKT_ADV,Advertising Function,false,store,false,,<none>,,,unspecified,none,,,,true,+,store,<none>
PRODUCT_ADV,ADV,Product Advertising and Promo,false,store,false,,<none>,,,unspecified,none,,,,true,+,store,<none>
PROMO,ADV,Promotion,false,store,false,,<none>,,,unspecified,none,,,,true,+,store,<none>
ADVOth,ADV,Other Advertising Exp,false,store,false,,<none>,,,unspecified,none,,,,true,+,store,<none>
GCX,MKT_ADV,Global Customer Experience,false,store,false,,<none>,,,unspecified,stored,,,,true,+,store,<none>
F87271,GCX,F87271-Sponsorships,false,store,false,,<none>,,,unspecified,stored,,,,true,+,store,<none>
F87272,GCX,F87272-Digital Technology,false,store,false,,<none>,,,unspecified,stored,,,,true,+,store,<none>
F87200,GCX,F87200-GCX - Industrial Design,false,store,false,,<none>,,,unspecified,none,,,,true,+,store,<none>
F87220,GCX,F87220-GCX - Studio,false,store,false,,<none>,,,unspecified,none,,,,true,+,store,<none>
F87260,GCX,F87260-GCX - Consumer Insights,false,store,false,,<none>,,,unspecified,none,,,,true,+,store,<none>
F87270,GCX,F87270-GCX - Brand Marketing,false,store,false,,<none>,,,unspecified,none,,,,true,+,store,<none>
TOTSELL,Growth,Total Selling Function,false,store,false,,<none>,,,unspecified,none,,,,true,+,store,<none>
SELLCON,TOTSELL,Selling Function - Consumer,false,store,false,,<none>,,,unspecified,none,,,,true,+,store,<none>
SELLSUPPORT,TOTSELL,Sales Support,false,store,false,,<none>,,,unspecified,none,,,,true,+,store,<none>
SELLIND,TOTSELL,Selling Function - Industrial,false,store,false,,<none>,,,unspecified,none,,,,true,+,store,<none>
SELLOTH,TOTSELL,Selling Function - Other,false,store,false,,<none>,,,unspecified,none,,,,true,+,store,<none>
CUSTSERV,Growth,Total Customer Service,false,store,false,,<none>,,,unspecified,none,,,,true,+,store,<none>
DIST,SGA,Distribution Function,false,store,false,,<none>,,,unspecified,none,,,,true,+,store,<none>
DISTIND,DIST,Distribution - Volume Based,false,store,false,,<none>,,,unspecified,none,,,,true,+,store,<none>
DISTST,DIST,Distribution - Short Term Fixed,false,store,false,,<none>,,,unspecified,none,,,,true,+,store,<none>
F89106,DIST,F89106-Distribution - Long Term Fixed,false,store,false,,<none>,,,unspecified,none,,,,true,+,store,<none>
CGO_Initiatives,Total_Function,CGO Initiatives,false,store,false,,<none>,,,unspecified,none,,,,true,+,store,<none>
CGOGrowth,CGO_Initiatives,CGO Growth,false,store,false,,<none>,,,unspecified,none,,,,true,+,store,<none>
CGOGEM,CGOGrowth,CGO Growth w/GEM,false,store,false,,<none>,,,unspecified,none,,,,true,+,store,<none>
Initiative1,CGOGEM,CGO Initiative 1,false,store,false,,<none>,,,unspecified,none,,,,true,+,store,<none>
Initiative2,CGOGEM,CGO Initiative 2,false,store,false,,<none>,,,unspecified,none,,,,true,+,store,<none>
Initiative3,CGOGEM,CGO Initiative 3,false,store,false,,<none>,,,unspecified,none,,,,true,+,store,<none>
Initiative4,CGOGrowth,CGO Initiative 4,false,store,false,,<none>,,,unspecified,none,,,,true,+,store,<none>
Initiative5,CGOGrowth,CGO Initiative 5,false,store,false,,<none>,,,unspecified,none,,,,true,+,store,<none>
Initiative6,CGOGrowth,CGO Initiative 6,false,store,false,,<none>,,,unspecified,none,,,,true,+,store,<none>
Initiative7,CGOGrowth,CGO Initiative 7,false,store,false,,<none>,,,unspecified,none,,,,true,+,store,<none>
Initiative8,CGOGrowth,CGO Initiative 8,false,store,false,,<none>,,,unspecified,none,,,,true,+,store,<none>
Initiative9,CGOGrowth,CGO Initiative 9,false,store,false,,<none>,,,unspecified,none,,,,true,+,store,<none>
Initiative10,CGOGrowth,CGO Initiative 10,false,store,false,,<none>,,,unspecified,none,,,,true,+,store,<none>
Initiative11,CGOGrowth,CGO Initiative 11,false,store,false,,<none>,,,unspecified,none,,,,true,+,store,<none>
Initiative12,CGOGrowth,CGO Initiative 12,false,store,false,,<none>,,,unspecified,none,,,,true,+,store,<none>
Initiative13,CGOGrowth,CGO Initiative 13,false,store,false,,<none>,,,unspecified,none,,,,true,+,store,<none>
Initiative16,CGOGrowth,CGO Initiative 16,false,store,false,,<none>,,,unspecified,none,,,,true,+,store,<none>
Initiative17,CGOGrowth,CGO Initiative 17,false,store,false,,<none>,,,unspecified,none,,,,true,+,store,<none>
Initiative18,CGOGrowth,CGO Initiative 18,false,store,false,,<none>,,,unspecified,none,,,,true,+,store,<none>
Initiative19,CGOGrowth,CGO Initiative 19,false,store,false,,<none>,,,unspecified,none,,,,true,+,store,<none>
Initiative20,CGOGrowth,CGO Initiative 20,false,store,false,,<none>,,,unspecified,none,,,,true,+,store,<none>
CGOCostSavings,CGO_Initiatives,CGO Cost Savings,false,store,false,,<none>,,,unspecified,none,,,,true,+,store,<none>
CGODTV,CGOCostSavings,CGO DTV,false,store,false,,<none>,,,unspecified,none,,,,true,+,store,<none>
Initiative14,CGODTV,CGO Initiative 14,false,store,false,,<none>,,,unspecified,none,,,,true,+,store,<none>
CGOGSM,CGOCostSavings,CGO GSM,false,store,false,,<none>,,,unspecified,none,,,,true,+,store,<none>
Initiative15,CGOGSM,CGO Initiative 15,false,store,false,,<none>,,,unspecified,none,,,,true,+,store,<none>
G2N_Total,Function,Total G2N Input,false,store,false,,<none>,,,unspecified,none,,,,true,~,store,<none>
FOB_Input,G2N_Total,FOB G2N Input,false,store,false,,<none>,,,unspecified,none,,,,true,+,store,<none>
NONFOB_Input,G2N_Total,Non FOB G2N Input,false,store,false,,<none>,,,unspecified,none,,,,true,+,store,<none>
Rates,Function,Currency Conversion Rates,false,label only,false,,<none>,,,unspecified,none,,,,true,~,label only,<none>
AED,Rates,Arab Emirate Dirham,false,store,false,,<none>,,,unspecified,none,,,,true,never,store,<none>
AOA,Rates,Angolan Kwanza,false,store,false,,<none>,,,unspecified,none,,,,true,never,store,<none>
ARS,Rates,Argentine Peso,false,store,false,,<none>,,,unspecified,none,,,,true,never,store,<none>
AUD,Rates,Australian Dollar,false,store,false,,<none>,,,unspecified,none,,,,true,never,store,<none>
BRL,Rates,Brazilian Real,false,store,false,,<none>,,,unspecified,none,,,,true,never,store,<none>
CAD,Rates,Canadian Dollar,false,store,false,,<none>,,,unspecified,none,,,,true,never,store,<none>
CHF,Rates,Swiss Franc,false,store,false,,<none>,,,unspecified,none,,,,true,never,store,<none>
CLP,Rates,Chilian Peso,false,store,false,,<none>,,,unspecified,none,,,,true,never,store,<none>
CNY,Rates,Chinese Renminbi,false,store,false,,<none>,,,unspecified,none,,,,true,never,store,<none>
COP,Rates,Colombian Peso,false,store,false,,<none>,,,unspecified,none,,,,true,never,store,<none>
CRC,Rates,Costa Rican Colon,false,store,false,,<none>,,,unspecified,none,,,,true,never,store,<none>
CZK,Rates,Czech Koruna,false,store,false,,<none>,,,unspecified,none,,,,true,never,store,<none>
DKK,Rates,Danish Krone,false,store,false,,<none>,,,unspecified,none,,,,true,never,store,<none>
DOP,Rates,Dominican Peso,false,store,false,,<none>,,,unspecified,none,,,,true,never,store,<none>
EUR,Rates,Euro,false,store,false,,<none>,,,unspecified,none,,,,true,never,store,<none>
GBP,Rates,United Kingdom Pound,false,store,false,,<none>,,,unspecified,none,,,,true,never,store,<none>
GTQ,Rates,Guatemalan Quetzal,false,store,false,,<none>,,,unspecified,none,,,,true,never,store,<none>
HKD,Rates,Hong Kong Dollar,false,store,false,,<none>,,,unspecified,none,,,,true,never,store,<none>
HNL,Rates,Honduran Lempira,false,store,false,,<none>,,,unspecified,none,,,,true,never,store,<none>
HUF,Rates,Hungarian Forint,false,store,false,,<none>,,,unspecified,none,,,,true,never,store,<none>
IDR,Rates,Indonesian Rupiah,false,store,false,,<none>,,,unspecified,none,,,,true,never,store,<none>
ILS,Rates,Israeli Shekel,false,store,false,,<none>,,,unspecified,none,,,,true,never,store,<none>
INR,Rates,Indian Rupee,false,store,false,,<none>,,,unspecified,none,,,,true,never,store,<none>
JPY,Rates,Japanese Yen,false,store,false,,<none>,,,unspecified,none,,,,true,never,store,<none>
KRW,Rates,South Koren Won,false,store,false,,<none>,,,unspecified,none,,,,true,never,store,<none>
KZT,Rates,Kazakh Tenge,false,store,false,,<none>,,,unspecified,none,,,,true,never,store,<none>
MAD,Rates,Moroccan Dirham,false,store,false,,<none>,,,unspecified,none,,,,true,never,store,<none>
MXP,Rates,Mexican Peso,false,store,false,,<none>,,,unspecified,none,,,,true,never,store,<none>
MYR,Rates,Malaysian Ringgit,false,store,false,,<none>,,,unspecified,none,,,,true,never,store,<none>
NIO,Rates,Nicaraguan C?rdoba,false,store,false,,<none>,,,unspecified,none,,,,true,never,store,<none>
NOK,Rates,Norwegian Krone,false,store,false,,<none>,,,unspecified,none,,,,true,never,store,<none>
NZD,Rates,New Zealand Dollar,false,store,false,,<none>,,,unspecified,none,,,,true,never,store,<none>
OMR,Rates,Omani Rial,false,store,false,,<none>,,,unspecified,none,,,,true,never,store,<none>
PEN,Rates,Peruvian Nuevo Sol,false,store,false,,<none>,,,unspecified,none,,,,true,never,store,<none>
PHP,Rates,Philippine Peso,false,store,false,,<none>,,,unspecified,none,,,,true,never,store,<none>
PLN,Rates,Polish Zloty,false,store,false,,<none>,,,unspecified,none,,,,true,never,store,<none>
QAR,Rates,Qatar Riyal,false,store,false,,<none>,,,unspecified,none,,,,true,never,store,<none>
RON,Rates,Romanian Leu,false,store,false,,<none>,,,unspecified,none,,,,true,never,store,<none>
RUB,Rates,Russian Rouble,false,store,false,,<none>,,,unspecified,none,,,,true,never,store,<none>
SAR,Rates,Saudi Arabia Riyal,false,store,false,,<none>,,,unspecified,none,,,,true,never,store,<none>
SEK,Rates,Swedish Krona,false,store,false,,<none>,,,unspecified,none,,,,true,never,store,<none>
SGD,Rates,Singaporean Dollar,false,store,false,,<none>,,,unspecified,none,,,,true,never,store,<none>
THB,Rates,Thai Baht,false,store,false,,<none>,,,unspecified,none,,,,true,never,store,<none>
TRY,Rates,Turkish Lira,false,store,false,,<none>,,,unspecified,none,,,,true,never,store,<none>
TWD,Rates,Taiwanese Dollar,false,store,false,,<none>,,,unspecified,none,,,,true,never,store,<none>
USD,Rates,USD Currency,false,store,false,,<none>,,,unspecified,none,,,,true,never,store,<none>
XAF,Rates,CFA Franc BEAC,false,store,false,,<none>,,,unspecified,none,,,,true,never,store,<none>
ZAR,Rates,South African Rand,false,store,false,,<none>,,,unspecified,none,,,,true,never,store,<none>
