﻿#!-- HEADERBLOCK DIMENSION XML
<?xml version="1.0" encoding="UTF-8" ?>
<DIMENSIONS>
 <Dimension csversion="2.5" density="Sparse" dimensionName="Custom" name="Product" dimensionType="None" origname="Product" DimensionAlias="Product" comment="" >
 <Plan1Density>Sparse</Plan1Density>
 <Plan2Density>Sparse</Plan2Density>
 <Plan3Density>Sparse</Plan3Density>
 <Plan4Density>Sparse</Plan4Density>
 <Plan5Density>Sparse</Plan5Density>
 <Plan6Density>Sparse</Plan6Density>
 <Plan7Density>Sparse</Plan7Density>
 <Plan8Density>Sparse</Plan8Density>
 <Plan9Density>Sparse</Plan9Density>
 <Plan10Density>Sparse</Plan10Density>
 <Plan11Density>Sparse</Plan11Density>
 <Plan12Density>Sparse</Plan12Density>
 <Plan13Density>Sparse</Plan13Density>
 <Plan14Density>Sparse</Plan14Density>
 <Plan15Density>Sparse</Plan15Density>
 <EnumOrder1>0</EnumOrder1>
 <EnumOrder2>0</EnumOrder2>
 <EnumOrder3>0</EnumOrder3>
 <EnumOrder4>0</EnumOrder4>
 <EnumOrder5>0</EnumOrder5>
 <EnumOrder6>0</EnumOrder6>
 <EnumOrder7>0</EnumOrder7>
 <EnumOrder8>0</EnumOrder8>
 <EnumOrder9>0</EnumOrder9>
 <EnumOrder10>0</EnumOrder10>
 <EnumOrder11>0</EnumOrder11>
 <EnumOrder12>0</EnumOrder12>
 <EnumOrder13>0</EnumOrder13>
 <EnumOrder14>0</EnumOrder14>
 <EnumOrder15>0</EnumOrder15>
 <Plan1PerfOrder>4</Plan1PerfOrder>
 <Plan2PerfOrder>9</Plan2PerfOrder>
 <Plan3PerfOrder>9</Plan3PerfOrder>
 <Plan4PerfOrder>9</Plan4PerfOrder>
 <Plan5PerfOrder>9</Plan5PerfOrder>
 <Plan6PerfOrder>9</Plan6PerfOrder>
 <Plan7PerfOrder>9</Plan7PerfOrder>
 <Plan8PerfOrder>4</Plan8PerfOrder>
 <Plan9PerfOrder>4</Plan9PerfOrder>
 <Plan10PerfOrder>4</Plan10PerfOrder>
 <Plan11PerfOrder>4</Plan11PerfOrder>
 <Plan12PerfOrder>4</Plan12PerfOrder>
 <Plan13PerfOrder>4</Plan13PerfOrder>
 <Plan14PerfOrder>4</Plan14PerfOrder>
 <Plan15PerfOrder>4</Plan15PerfOrder>
 <ApplySecurity>Y</ApplySecurity>
 <UDA number="1" >DNU</UDA>
 <DisplayOption>MEMBER_NAME</DisplayOption>
 <Consolidation>~</Consolidation>
 <ConsolidationWF>NotUsed</ConsolidationWF>
 <ConsolidationCX>NotUsed</ConsolidationCX>
 <Consolidation8>NotUsed</Consolidation8>
 <Consolidation16>NotUsed</Consolidation16>
 <Consolidation32>NotUsed</Consolidation32>
 <Consolidation64>NotUsed</Consolidation64>
 <Consolidation128>NotUsed</Consolidation128>
 <Consolidation256>NotUsed</Consolidation256>
 <Consolidation512>NotUsed</Consolidation512>
 <Consolidation1024>NotUsed</Consolidation1024>
 <Consolidation2048>NotUsed</Consolidation2048>
 <Consolidation4096>NotUsed</Consolidation4096>
 <Consolidation8192>NotUsed</Consolidation8192>
 <Consolidation16384>NotUsed</Consolidation16384>
 <ValidForPlan1>Y</ValidForPlan1>
 <ValidForPlan2>N</ValidForPlan2>
 <ValidForPlan3>N</ValidForPlan3>
 <ValidForPlan4>N</ValidForPlan4>
 <ValidForPlan5>N</ValidForPlan5>
 <ValidForPlan6>N</ValidForPlan6>
 <ValidForPlan7>N</ValidForPlan7>
 <ValidForPlan8>N</ValidForPlan8>
 <ValidForPlan9>N</ValidForPlan9>
 <ValidForPlan10>N</ValidForPlan10>
 <ValidForPlan11>N</ValidForPlan11>
 <ValidForPlan12>N</ValidForPlan12>
 <ValidForPlan13>N</ValidForPlan13>
 <ValidForPlan14>N</ValidForPlan14>
 <ValidForPlan15>N</ValidForPlan15>
 <Alias table="Default" >Total Product</Alias>
 <DataStorage>StoreData</DataStorage>
 <DataStorage2>StoreData</DataStorage2>
 <DataStorage4>StoreData</DataStorage4>
 <DataStorage8>StoreData</DataStorage8>
 <DataStorage16>StoreData</DataStorage16>
 <DataStorage32>StoreData</DataStorage32>
 <DataStorage64>StoreData</DataStorage64>
 <DataStorage128>StoreData</DataStorage128>
 <DataStorage256>StoreData</DataStorage256>
 <DataStorage512>StoreData</DataStorage512>
 <DataStorage1024>StoreData</DataStorage1024>
 <DataStorage2048>StoreData</DataStorage2048>
 <DataStorage4096>StoreData</DataStorage4096>
 <DataStorage8192>StoreData</DataStorage8192>
 <DataStorage16384>StoreData</DataStorage16384>
 <HierarchyType>None</HierarchyType>
 <DataType>Unspecified</DataType>
</Dimension>
</DIMENSIONS>
#--!
Product, Parent, Alias: Default, Valid For Consolidations, Data Storage, Two Pass Calculation, Description, Formula, UDA, Smart List, Data Type, Hierarchy Type, Enable for Dynamic Children, Number of Possible Dynamic Children, Access Granted to Member Creator, Plan Type (FinPlan), Aggregation (FinPlan), Data Storage (FinPlan), Formula (FinPlan)
Total_Product,Product,Total Prod,false,store,false,,<none>,,,unspecified,none,,,,true,+,store,<none>
PTG,Total_Product,Power Tools Total,false,store,false,,<none>,,,unspecified,none,,,,true,+,store,<none>
OPE,PTG,Outdoor Products & Equipment,false,store,false,,<none>,,,unspecified,none,,,,true,+,store,<none>
OUT,PTG,Outdoor Products and Equipment,false,store,false,,<none>,,,unspecified,none,,,,true,+,store,<none>
OUTD_SBU,OUT,Outdoor SBU,false,store,false,,<none>,,,unspecified,none,,,,true,+,store,<none>
OUTDOOR,OUTD_SBU,Outdoor Division,false,store,false,,<none>,,,unspecified,none,,,,true,+,store,<none>
OHP_OTH,OUTD_SBU,Outdoor Other,false,store,false,,<none>,,,unspecified,none,,,,true,+,store,<none>
PTE,PTG,Power Tool Equipment,false,store,false,,<none>,,,unspecified,none,,,,true,+,store,<none>
CONS_SBU,PTE,CONS - Consumer Power Tools,false,store,false,,<none>,,,unspecified,none,,,,true,+,store,<none>
COMM_SBU,PTE,COMM - Commercial Power Tools,false,store,false,,<none>,,,unspecified,none,,,,true,+,store,<none>
RESD_SBU,PTE,RESD - Residential Power Tools,false,store,false,,<none>,,,unspecified,none,,,,true,+,store,<none>
PPT,PTE,PPG - Professional Power Tools,false,store,false,,<none>,,,unspecified,none,,,,true,+,store,<none>
AUTOPT_DIV,PPT,Do Not Use - Auto Power Tools Division,false,store,false,,<none>,DNU,,unspecified,none,,,,true,+,store,<none>
AUTOPT_OTH,PPT,Do Not Use - Auto Power Tools Other,false,store,false,,<none>,DNU,,unspecified,none,,,,true,+,store,<none>
DFES_AUTOPT_DIV,PPT,COMM  - Drilling Fastening & Automotive Pwr Tools,false,store,false,,<none>,,,unspecified,none,,,,true,+,store,<none>
METAL_CONCRETE_DIV,PPT,COMM  - Metal & Concrete PPT Division,false,store,false,,<none>,,,unspecified,none,,,,true,+,store,<none>
PPT_CORDED_DIV,PPT,Do Not Use - Corded PPT Division,false,store,false,,<none>,DNU,,unspecified,none,,,,true,+,store,<none>
PPT_CORDLESS_DIV,PPT,Do Not Use - Cordless PPT Division,false,store,false,,<none>,DNU,,unspecified,none,,,,true,+,store,<none>
PPT_OTH,PPT,Do Not Use - Professional Power Tools Other,false,store,false,,<none>,,,unspecified,none,,,,true,+,store,<none>
RESD_SBU_OTH,PPT,RESD - Other Residential SBU,false,store,false,,<none>,,,unspecified,none,,,,true,+,store,<none>
WOOD_DIV,PPT,RESD - Wood PPT Division,false,store,false,,<none>,,,unspecified,none,,,,true,+,store,<none>
COMM_SBU_OTH,PPT,COMM - Other Commercial SBU,false,store,false,,<none>,,,unspecified,none,,,,true,+,store,<none>
FAS,PTE,PPG - Fastening,false,store,false,,<none>,,,unspecified,none,,,,true,+,store,<none>
FAS_OTH,FAS,Do Not Use - Other Fastening,false,store,false,,<none>,,,unspecified,none,,,,true,+,store,<none>
FAST_DIV,FAS,RESD - Fastening Division,false,store,false,,<none>,,,unspecified,none,,,,true,+,store,<none>
ANF,PTE,PPG - Anchors & Fixings,false,store,false,,<none>,,,unspecified,none,,,,true,+,store,<none>
ANF_DIV,ANF,COMM  - Anchors & Fixings Division,false,store,false,,<none>,,,unspecified,none,,,,true,+,store,<none>
ANF_OTH,ANF,Do Not Use - Other Anchors & Fixings,false,store,false,,<none>,,,unspecified,none,,,,true,+,store,<none>
HOME,PTE,CONS - Home Products PTE_ALT,false,store,false,,<none>,,,unspecified,none,,,,true,+,store,<none>
HOME_PROD,HOME,CONS - Home Products,false,store,false,,<none>,,,unspecified,none,,,,true,+,store,<none>
CPT,PTE,CPG - Consumer Power Tools (CPT),false,store,false,,<none>,,,unspecified,none,,,,true,+,store,<none>
AUTO_ELEC,CPT,COMM  - Auto & Elec,false,store,false,,<none>,,,unspecified,none,,,,true,+,store,<none>
CONS_TOOLS,CPT,CONS - Consumer,false,store,false,,<none>,,,unspecified,none,,,,true,+,store,<none>
CPT_OTH,CPT,CONS - Other Consumer Power,false,store,false,,<none>,,,unspecified,none,,,,true,+,store,<none>
TRADESMAN,CPT,RESD - Tradesman,false,store,false,,<none>,,,unspecified,none,,,,true,+,store,<none>
PTE_OTH,PTE,PTE - Other Power Tool and Equipment,false,store,false,,<none>,,,unspecified,none,,,,true,+,store,<none>
CPG_OTH,PTE,Do Not Use - Other CPG,false,store,false,,<none>,,,unspecified,none,,,,true,+,store,<none>
PPG_OTH,PTE,Do Not Use - Other PPG,false,store,false,,<none>,,,unspecified,none,,,,true,+,store,<none>
PTG_OTH,PTG,Power Tools Other,false,store,false,,<none>,,,unspecified,none,,,,true,+,store,<none>
HTAS,Total_Product,Hand Tools Accessories & Storage,false,store,false,,<none>,,,unspecified,none,,,,true,+,store,<none>
PTA,HTAS,PTA - Power Tool Accessories,false,store,false,,<none>,,,unspecified,none,,,,true,+,store,<none>
PTA_SBU,PTA,PTA - Power Tool Accessories SBU,false,store,false,,<none>,,,unspecified,none,,,,true,+,store,<none>
PTA_CONS,PTA_SBU,PTA - Residential Consumer,false,store,false,,<none>,,,unspecified,none,,,,true,+,store,<none>
PTA_IND,PTA_SBU,PTA - Industrial,false,store,false,,<none>,,,unspecified,none,,,,true,+,store,<none>
PTA_COMM,PTA_SBU,PTA - Commercial,false,store,false,,<none>,,,unspecified,none,,,,true,+,store,<none>
PTA_Bandsaw,PTA_SBU,Do Not Use - Bandsaw,false,store,false,,<none>,,,unspecified,none,,,,true,+,store,<none>
PTA_SBU_OTH,PTA_SBU,PTA - Power Tool Accessories SBU Other,false,store,false,,<none>,,,unspecified,none,,,,true,+,store,<none>
PTA_OTH,PTA,PTA - Other Power Tool Accessories,false,store,false,,<none>,,,unspecified,none,,,,true,+,store,<none>
HTS,HTAS,Hand Tools & Storage,false,store,false,,<none>,,,unspecified,none,,,,true,+,store,<none>
CONSTR_HT,HTS,Construction Tools,false,store,false,,<none>,,,unspecified,none,,,,true,+,store,<none>
CONSTR_HAND_TOOLS,CONSTR_HT,CHT - Hand Tools,false,store,false,,<none>,,,unspecified,none,,,,true,+,store,<none>
CHT_OTH,CONSTR_HT,CHT - Hand Tools Other,false,store,false,,<none>,,,unspecified,none,,,,true,+,store,<none>
IND_AUTO_TOOLS,HTS,Industrial & Automotive Tools,false,store,false,,<none>,,,unspecified,none,,,,true,+,store,<none>
IA_TOOLS,IND_AUTO_TOOLS,IA - Ind & Auto Tools,false,store,false,,<none>,,,unspecified,none,,,,true,+,store,<none>
IA_TOOLS_OTH,IND_AUTO_TOOLS,IA - Ind & Auto Tools Other,false,store,false,,<none>,,,unspecified,none,,,,true,+,store,<none>
STORAGE,HTS,HTS - Storage (HTS),false,store,false,,<none>,,,unspecified,none,,,,true,+,store,<none>
CONSTR_TOOLBOXES,STORAGE,STORAGE - Toolboxes,false,store,false,,<none>,,,unspecified,none,,,,true,+,store,<none>
CONSTR_METAL_STR,STORAGE,STORAGE - Metal,false,store,false,,<none>,,,unspecified,none,,,,true,+,store,<none>
RTL_METAL_STOR,CONSTR_METAL_STR,STORAGE - Retail Metal Storage,false,store,false,,<none>,,,unspecified,none,,,,true,+,store,<none>
IA_AUTO_SOL,STORAGE,STORAGE - Automotive Storage Solutions,false,store,false,,<none>,,,unspecified,none,,,,true,+,store,<none>
STOR_OTH,STORAGE,STORAGE - Storage Product Other,false,store,false,,<none>,,,unspecified,none,,,,true,+,store,<none>
CTB_OTH,STORAGE,Do Not Use - Toolboxes - Other,false,store,false,,<none>,DNU,,unspecified,none,,,,true,+,store,<none>
IA_STOR_SOL,STORAGE,Do Not Use - Engineered Storage Solutions,false,store,false,,<none>,DNU,,unspecified,none,,,,true,+,store,<none>
IA_STOR_OTH,STORAGE,Do Not Use - Ind & Auto Eng Storage - Other,false,store,false,,<none>,DNU,,unspecified,none,,,,true,+,store,<none>
HTS_OTH,HTS,Hand Tools & Storage - Other,false,store,false,,<none>,,,unspecified,none,,,,true,+,store,<none>
CONSTR_OTH,HTS,Do Not Use - Construction - Other,false,store,false,,<none>,DNU,,unspecified,none,,,,true,+,store,<none>
IND_AUTO_OTH,HTS,Do Not Use - Indl & Auto - Other,false,store,false,,<none>,DNU,,unspecified,none,,,,true,+,store,<none>
S3,HTAS,Do Not Use - JENSEN - Total SBU,false,store,false,,<none>,,,unspecified,none,,,,true,+,store,<none>
S3_SUB,S3,Do Not Use - JENSEN - Sub-SBU,false,store,false,,<none>,,,unspecified,none,,,,true,+,store,<none>
S3_DIV,S3_SUB,Do Not Use - JENSEN - Division,false,store,false,,<none>,,,unspecified,none,,,,true,+,store,<none>
HTAS_OTH,HTAS,Hand Tools Accessories & Storage - Other,false,store,false,,<none>,,,unspecified,none,,,,true,+,store,<none>
Newell_Products,HTAS,Do Not Use - Newell Products,false,store,false,,<none>,,,unspecified,none,,,,true,+,store,<none>
Newell_SUB,Newell_Products,Do Not Use - Newell Products Sub-SBU,false,store,false,,<none>,,,unspecified,none,,,,true,+,store,<none>
Newell_DIV,Newell_SUB,Do Not Use - Newell Products Division,false,store,false,,<none>,,,unspecified,none,,,,true,+,store,<none>
OTH_TOTAL,Total_Product,Total OTHER,false,store,false,,<none>,,,unspecified,none,,,,true,+,store,<none>
OTH_PRD_SVC,OTH_TOTAL,OTH - Other Products & Services,false,store,false,,<none>,,,unspecified,none,,,,true,+,store,<none>
OTH_PRD_SVC_SBU,OTH_PRD_SVC,OTH - Other Products & Services SBU,false,store,false,,<none>,,,unspecified,none,,,,true,+,store,<none>
OTH_SERVICE_TOT,OTH_PRD_SVC_SBU,OTH - Service Total,false,store,false,,<none>,,,unspecified,none,,,,true,+,store,<none>
IND_EQUIP,OTH_PRD_SVC_SBU,OTH - Indust/Equip,false,store,false,,<none>,,,unspecified,none,,,,true,+,store,<none>
OTH_FACT_STORES,OTH_PRD_SVC_SBU,OTH - Factory Stores,false,store,false,,<none>,,,unspecified,none,,,,true,+,store,<none>
PXXXXX,OTH_PRD_SVC_SBU,OTH - No Portfolio,false,store,false,,<none>,,,unspecified,none,,,,true,+,store,<none>
OTH_OTH,OTH_PRD_SVC_SBU,OTH - Other Products,false,store,false,,<none>,,,unspecified,none,,,,true,+,store,<none>
Svcs,Total_Product,Service Offerings,false,store,false,,<none>,,,unspecified,none,,,,true,+,store,<none>
Oth_Mixed_Products,Total_Product,Do Not Use - Allocation Products,false,store,false,,<none>,,,unspecified,none,,,,true,+,store,<none>
OTH_ALC_01,Oth_Mixed_Products,Do Not Use - Allocation PPT & PAC,false,store,false,,<none>,,,unspecified,none,,,,true,+,store,<none>
OTH_ALC_02,Oth_Mixed_Products,Do Not Use - Allocation CPG & CAC,false,store,false,,<none>,,,unspecified,none,,,,true,+,store,<none>
OTH_ALC_03,Oth_Mixed_Products,Do Not Use - Allocation FAS & ANF,false,store,false,,<none>,,,unspecified,none,,,,true,+,store,<none>
OTH_ALC_04,Oth_Mixed_Products,Do Not Use - Allocation CPG & CAC & C-HTS,false,store,false,,<none>,,,unspecified,none,,,,true,+,store,<none>
OTH_ALC_05,Oth_Mixed_Products,Do Not Use - Allocation PPT & PAC & C-HTS,false,store,false,,<none>,,,unspecified,none,,,,true,+,store,<none>
OTH_ALC_06,Oth_Mixed_Products,Do Not Use - Allocation IA-PT & IA-HTS,false,store,false,,<none>,,,unspecified,none,,,,true,+,store,<none>
OTH_ALC_07,Oth_Mixed_Products,Do Not Use - Allocation CPG PTA PPT & C-HTS,false,store,false,,<none>,,,unspecified,none,,,,true,+,store,<none>
OTH_ALC_08,Oth_Mixed_Products,Do Not Use - Allocation PTA & FAS,false,store,false,,<none>,,,unspecified,none,,,,true,+,store,<none>
OTH_ALC_09,Oth_Mixed_Products,Do Not Use - Allocation CDIY excl ANF / SER / FST,false,store,false,,<none>,,,unspecified,none,,,,true,+,store,<none>
OTH_ALC_10,Oth_Mixed_Products,Do Not Use - Allocation CPG & PPT,false,store,false,,<none>,,,unspecified,none,,,,true,+,store,<none>
OTH_ALC_11,Oth_Mixed_Products,Do Not Use - Allocation PPT & PAC & IA-PT,false,store,false,,<none>,,,unspecified,none,,,,true,+,store,<none>
OTH_ALC_12,Oth_Mixed_Products,Do Not Use - Allocation CDIY excl SER / FST,false,store,false,,<none>,,,unspecified,none,,,,true,+,store,<none>
OTH_ALC_13,Oth_Mixed_Products,Do Not Use - Allocation GTS excl SER / FST,false,store,false,,<none>,,,unspecified,none,,,,true,+,store,<none>
OTH_ALC_14,Oth_Mixed_Products,Do Not Use - Allocation GTS excl FST,false,store,false,,<none>,,,unspecified,none,,,,true,+,store,<none>
PRODUCT_DoNotUse,Total_Product,Do Not Use Products,false,store,false,,<none>,,,unspecified,none,,,,true,+,store,<none>
AUTOPT,PRODUCT_DoNotUse,Do Not Use - Auto Power Tools,false,store,false,,<none>,DNU,,unspecified,none,,,,true,+,store,<none>
CONSTR,PRODUCT_DoNotUse,Do Not Use - Construction,false,store,false,,<none>,DNU,,unspecified,none,,,,true,+,store,<none>
CONSTR_STORAGE,PRODUCT_DoNotUse,Do Not Use - Construction Storage,false,store,false,,<none>,DNU,,unspecified,none,,,,true,+,store,<none>
IND_AUTO,PRODUCT_DoNotUse,Do Not Use - Ind & Auto Tools and Storage,false,store,false,,<none>,DNU,,unspecified,none,,,,true,+,store,<none>
IND_AUTO_ENG_STOR,PRODUCT_DoNotUse,Do Not Use - Ind & Auto Engineered Storage,false,store,false,,<none>,DNU,,unspecified,none,,,,true,+,store,<none>
Product_Oth,Total_Product,All Other Products,false,store,false,,<none>,,,unspecified,none,,,,true,+,store,<none>
Product_None,Total_Product,No Product,false,store,false,,<none>,,,unspecified,none,,,,true,+,store,<none>
Product_Unallocated,Total_Product,Unallocated Product,false,store,false,,<none>,,,unspecified,none,,,,true,+,store,<none>
