<?xml version="1.0" encoding="UTF-8"?>
<HBRRepo>
  <variables>
    <variable id="1" name="rtpEntity" product="Planning" type="member" usage="const">
      <property name="application">PLNSBD21</property>
      <property name="plantype">FinPlan</property>
      <property name="array_type">string</property>
      <property name="dimension">Entity</property>
      <property name="prompt_text">Select Entity</property>
      <property name="scope">ruleset</property>
      <value>Entity_None</value>
    </variable>
  </variables>
  <rulesets></rulesets>
  <rules>
    <rule id="1" name="2013_StdCos_System_Load_Rule" product="Planning">
      <property name="application">PLNSBD21</property>
      <property name="plantype">FinPlan</property>
      <property name="display_label">2013_StdCos_System_Load_Rule</property>
      <variable_references>
        <variable_reference id="1" name="rtpEntity">
          <property name="application">PLNSBD21</property>
          <property name="hasvalue">true</property>
          <property name="hidden">false</property>
          <property name="plantype">FinPlan</property>
          <property name="rule_name">2013_StdCos_System_Load_Rule</property>
          <property name="seq">1</property>
          <property name="type">3</property>
          <property name="useAsOverrideValue">false</property>
        </variable_reference>
      </variable_references>
      <script><![CDATA[/*Calc Name:  2013_StdCos_System_Load_Rule
Database: PLNSBD21, FinPlan
Author:
Creation Date:
Purpose: Current forecast data for first 6 months

Substitution Variables Used:
&CFY, &CYFcstMth

Hard Coding:
   Account:  StdMatCosFcst, StdMatCOSBaseline, StdMatCOSAdj, A84290, LiqCOSBaseline, LiqCOSAdj
   Currency: LocalCur
   Version: Working
   Scenario: CFCST
   Product:
   Function: Function_None
   Customer: Customer_None
   Entity:

Modifications:

*/

SET UPDATECALC OFF;
SET CACHE HIGH;
SET LOCKBLOCK HIGH;
SET AGGMISSG ON;

FIX ("CFCST", "Working", "LocalCur", {rtpEntity},"Function_None", "Customer_None","Product_None")

   /* For current year forecast months */
      FIX (&CFY, &CYFcstMth)
		"StdMatCosFcst" = "StdMatCOSBaseline" + "StdMatCOTAdj";
		"A84290" = "LiqCOSBaseline" + "LiqCOTAdj";
	  ENDFIX

	  /*Next Year*/

      FIX (&NY, &NYFcstMth)
		"StdMatCosFcst" = "StdMatCOSBaseline" + "StdMatCOTAdj";
		"A84290" = "LiqCOSBaseline" + "LiqCOTAdj";
	  ENDFIX
ENDFIX


/* Aggregate product upon save on the 2000: SBD StdOCOS Upload form */
FIX ("A84290","StdMatCosFcst" "CFCST", "Working", "LocalCur", {rtpEntity}, "Function_None", "Customer_None")

   /* For current year forecast months */
   FIX (&CFY, &CYFcstMth)
      AGG ("Product");
   ENDFIX

   /* For next year forecast months */
   FIX (&NY, &NYFcstMth)
      AGG ("Product");
   ENDFIX

   /* For 2 years ahead forecast months */
   /*FIX (&N2Y)
     FIX (@REMOVE ("Jan":"Dec", @LIST (&N2YNonFcstMth)))
      AGG ("Product");
     ENDFIX
   ENDFIX*/

ENDFIX]]></script>
    </rule>
  </rules>
  <components></components>
</HBRRepo>