<?xml version="1.0" encoding="UTF-8"?><artifactListing><folder modifiedBy="" path="/Plan Type" pathAlias="/Plan Type" size="-1" type="folder"/><folder lastUpdated="1561867980583" modifiedBy="admin" path="/Plan Type/CALSBD01" pathAlias="/Plan Type/CALSBD01" size="-1" type="Plan Type"/><folder modifiedBy="" path="/Plan Type/CALSBD01/Standard Dimensions" pathAlias="/Plan Type/CALSBD01/Standard Dimensions" size="-1" type="folder"/><folder modifiedBy="" path="/Plan Type/CALSBD01/Calculation Manager Rules" pathAlias="/Plan Type/CALSBD01/Calculation Manager Rules" size="-1" type="folder"/><folder modifiedBy="" path="/Plan Type/CALSBD01/Calc scripts" pathAlias="/Plan Type/CALSBD01/Calc scripts" size="-1" type="folder"/><folder modifiedBy="" path="/Plan Type/CALSBD01/Rule files" pathAlias="/Plan Type/CALSBD01/Rule files" size="-1" type="folder"/><resource id="Account" lastUpdated="1583227741673" modifiedBy="PXR1012" name="Account" path="/Plan Type/CALSBD01/Standard Dimensions" pathAlias="/Plan Type/CALSBD01/Standard Dimensions" size="-1" type="Account Dimension"/><resource id="Period" lastUpdated="1583227930117" modifiedBy="PXR1012" name="Period" path="/Plan Type/CALSBD01/Standard Dimensions" pathAlias="/Plan Type/CALSBD01/Standard Dimensions" size="-1" type="Period Dimension"/><resource id="Years" lastUpdated="1583228031717" modifiedBy="PXR1012" name="Years" path="/Plan Type/CALSBD01/Standard Dimensions" pathAlias="/Plan Type/CALSBD01/Standard Dimensions" size="-1" type="Year Dimension"/><resource id="Scenario" lastUpdated="1583227982877" modifiedBy="PXR1012" name="Scenario" path="/Plan Type/CALSBD01/Standard Dimensions" pathAlias="/Plan Type/CALSBD01/Standard Dimensions" size="-1" type="Scenario Dimension"/><resource id="Brand" lastUpdated="1583227808760" modifiedBy="PXR1012" name="Brand" path="/Plan Type/CALSBD01/Standard Dimensions" pathAlias="/Plan Type/CALSBD01/Standard Dimensions" size="-1" type="Version Dimension"/><resource id="Entity" lastUpdated="1582897028247" modifiedBy="UXK0716" name="Entity" path="/Plan Type/CALSBD01/Standard Dimensions" pathAlias="/Plan Type/CALSBD01/Standard Dimensions" size="-1" type="Entity Dimension"/><resource id="Product" lastUpdated="1583227958090" modifiedBy="PXR1012" name="Product" path="/Plan Type/CALSBD01/Standard Dimensions" pathAlias="/Plan Type/CALSBD01/Standard Dimensions" size="-1" type="Dimension"/><resource id="Function" lastUpdated="1583227906883" modifiedBy="PXR1012" name="Function" path="/Plan Type/CALSBD01/Standard Dimensions" pathAlias="/Plan Type/CALSBD01/Standard Dimensions" size="-1" type="Dimension"/><resource id="Customer" lastUpdated="1583227885510" modifiedBy="PXR1012" name="Customer" path="/Plan Type/CALSBD01/Standard Dimensions" pathAlias="/Plan Type/CALSBD01/Standard Dimensions" size="-1" type="Dimension"/><resource id="Ship-To Geography" lastUpdated="1583228004270" modifiedBy="PXR1012" name="Ship-To Geography" path="/Plan Type/CALSBD01/Standard Dimensions" pathAlias="/Plan Type/CALSBD01/Standard Dimensions" size="-1" type="Dimension"/><resource id="Currency" lastUpdated="1583227850060" modifiedBy="PXR1012" name="Currency" path="/Plan Type/CALSBD01/Standard Dimensions" pathAlias="/Plan Type/CALSBD01/Standard Dimensions" size="-1" type="Dimension"/><resource description="" id="CALSBD01_Test" lastUpdated="1566211129860" modifiedBy="NMR0610" name="CALSBD01_Test" path="/Plan Type/CALSBD01/Calculation Manager Rules" pathAlias="/Plan Type/CALSBD01/Calculation Manager Rules" size="-1" type="Rule"/><resource description="" id="1111.csc" lastUpdated="1572505659000" modifiedBy="" name="1111.csc" path="/Plan Type/CALSBD01/Calc scripts" pathAlias="/Plan Type/CALSBD01/Calc scripts" size="-1" type="Calc Script"/><resource description="" id="1AQREXP.csc" lastUpdated="1555644303000" modifiedBy="" name="1AQREXP.csc" path="/Plan Type/CALSBD01/Calc scripts" pathAlias="/Plan Type/CALSBD01/Calc scripts" size="-1" type="Calc Script"/><resource description="" id="1CALANF.csc" lastUpdated="1497448430000" modifiedBy="" name="1CALANF.csc" path="/Plan Type/CALSBD01/Calc scripts" pathAlias="/Plan Type/CALSBD01/Calc scripts" size="-1" type="Calc Script"/><resource description="" id="1CLRAC18.csc" lastUpdated="1519245531000" modifiedBy="" name="1CLRAC18.csc" path="/Plan Type/CALSBD01/Calc scripts" pathAlias="/Plan Type/CALSBD01/Calc scripts" size="-1" type="Calc Script"/><resource description="" id="1CLRACTL.csc" lastUpdated="1571812776000" modifiedBy="" name="1CLRACTL.csc" path="/Plan Type/CALSBD01/Calc scripts" pathAlias="/Plan Type/CALSBD01/Calc scripts" size="-1" type="Calc Script"/><resource description="" id="1CLRAGPP.csc" lastUpdated="1519072024000" modifiedBy="" name="1CLRAGPP.csc" path="/Plan Type/CALSBD01/Calc scripts" pathAlias="/Plan Type/CALSBD01/Calc scripts" size="-1" type="Calc Script"/><resource description="" id="1CLRANF.csc" lastUpdated="1497448473000" modifiedBy="" name="1CLRANF.csc" path="/Plan Type/CALSBD01/Calc scripts" pathAlias="/Plan Type/CALSBD01/Calc scripts" size="-1" type="Calc Script"/><resource description="" id="1CLRBACQ.csc" lastUpdated="1497641483000" modifiedBy="" name="1CLRBACQ.csc" path="/Plan Type/CALSBD01/Calc scripts" pathAlias="/Plan Type/CALSBD01/Calc scripts" size="-1" type="Calc Script"/><resource description="" id="1clrbk.csc" lastUpdated="1570958096000" modifiedBy="" name="1clrbk.csc" path="/Plan Type/CALSBD01/Calc scripts" pathAlias="/Plan Type/CALSBD01/Calc scripts" size="-1" type="Calc Script"/><resource description="" id="1CLRBUD.csc" lastUpdated="1464355333000" modifiedBy="" name="1CLRBUD.csc" path="/Plan Type/CALSBD01/Calc scripts" pathAlias="/Plan Type/CALSBD01/Calc scripts" size="-1" type="Calc Script"/><resource description="" id="1CLRCINP.csc" lastUpdated="1501003890000" modifiedBy="" name="1CLRCINP.csc" path="/Plan Type/CALSBD01/Calc scripts" pathAlias="/Plan Type/CALSBD01/Calc scripts" size="-1" type="Calc Script"/><resource description="" id="1CLRFCT.csc" lastUpdated="1492985758000" modifiedBy="" name="1CLRFCT.csc" path="/Plan Type/CALSBD01/Calc scripts" pathAlias="/Plan Type/CALSBD01/Calc scripts" size="-1" type="Calc Script"/><resource description="" id="1CLRGPP.csc" lastUpdated="1484596144000" modifiedBy="" name="1CLRGPP.csc" path="/Plan Type/CALSBD01/Calc scripts" pathAlias="/Plan Type/CALSBD01/Calc scripts" size="-1" type="Calc Script"/><resource description="" id="1CLRM3.csc" lastUpdated="1499441760000" modifiedBy="" name="1CLRM3.csc" path="/Plan Type/CALSBD01/Calc scripts" pathAlias="/Plan Type/CALSBD01/Calc scripts" size="-1" type="Calc Script"/><resource description="" id="1CLRPV.csc" lastUpdated="1478291729000" modifiedBy="" name="1CLRPV.csc" path="/Plan Type/CALSBD01/Calc scripts" pathAlias="/Plan Type/CALSBD01/Calc scripts" size="-1" type="Calc Script"/><resource description="" id="1CPYACT.csc" lastUpdated="1518596235000" modifiedBy="" name="1CPYACT.csc" path="/Plan Type/CALSBD01/Calc scripts" pathAlias="/Plan Type/CALSBD01/Calc scripts" size="-1" type="Calc Script"/><resource description="" id="1CPYACTP.csc" lastUpdated="1518596284000" modifiedBy="" name="1CPYACTP.csc" path="/Plan Type/CALSBD01/Calc scripts" pathAlias="/Plan Type/CALSBD01/Calc scripts" size="-1" type="Calc Script"/><resource description="" id="1CPYCORP.csc" lastUpdated="1568629466000" modifiedBy="" name="1CPYCORP.csc" path="/Plan Type/CALSBD01/Calc scripts" pathAlias="/Plan Type/CALSBD01/Calc scripts" size="-1" type="Calc Script"/><resource description="" id="1CPYM3.csc" lastUpdated="1499441740000" modifiedBy="" name="1CPYM3.csc" path="/Plan Type/CALSBD01/Calc scripts" pathAlias="/Plan Type/CALSBD01/Calc scripts" size="-1" type="Calc Script"/><resource description="" id="1CURRACQ.csc" lastUpdated="1500982675000" modifiedBy="" name="1CURRACQ.csc" path="/Plan Type/CALSBD01/Calc scripts" pathAlias="/Plan Type/CALSBD01/Calc scripts" size="-1" type="Calc Script"/><resource description="" id="1EXFCTM3.csc" lastUpdated="1499441785000" modifiedBy="" name="1EXFCTM3.csc" path="/Plan Type/CALSBD01/Calc scripts" pathAlias="/Plan Type/CALSBD01/Calc scripts" size="-1" type="Calc Script"/><resource description="" id="1EXPACTB.csc" lastUpdated="1499446218000" modifiedBy="" name="1EXPACTB.csc" path="/Plan Type/CALSBD01/Calc scripts" pathAlias="/Plan Type/CALSBD01/Calc scripts" size="-1" type="Calc Script"/><resource description="" id="1EXPCFP.csc" lastUpdated="1492986847000" modifiedBy="" name="1EXPCFP.csc" path="/Plan Type/CALSBD01/Calc scripts" pathAlias="/Plan Type/CALSBD01/Calc scripts" size="-1" type="Calc Script"/><resource description="" id="1EXPCoP.csc" lastUpdated="1492992411000" modifiedBy="" name="1EXPCoP.csc" path="/Plan Type/CALSBD01/Calc scripts" pathAlias="/Plan Type/CALSBD01/Calc scripts" size="-1" type="Calc Script"/><resource description="" id="1EXPFHIS.csc" lastUpdated="1518225335000" modifiedBy="" name="1EXPFHIS.csc" path="/Plan Type/CALSBD01/Calc scripts" pathAlias="/Plan Type/CALSBD01/Calc scripts" size="-1" type="Calc Script"/><resource description="" id="1EXPPOST.csc" lastUpdated="1492963255000" modifiedBy="" name="1EXPPOST.csc" path="/Plan Type/CALSBD01/Calc scripts" pathAlias="/Plan Type/CALSBD01/Calc scripts" size="-1" type="Calc Script"/><resource description="" id="1EXSTHIS.csc" lastUpdated="1569418681000" modifiedBy="" name="1EXSTHIS.csc" path="/Plan Type/CALSBD01/Calc scripts" pathAlias="/Plan Type/CALSBD01/Calc scripts" size="-1" type="Calc Script"/><resource description="" id="1FQREXP.csc" lastUpdated="1555820664000" modifiedBy="" name="1FQREXP.csc" path="/Plan Type/CALSBD01/Calc scripts" pathAlias="/Plan Type/CALSBD01/Calc scripts" size="-1" type="Calc Script"/><resource description="" id="1METACTB.csc" lastUpdated="1499445498000" modifiedBy="" name="1METACTB.csc" path="/Plan Type/CALSBD01/Calc scripts" pathAlias="/Plan Type/CALSBD01/Calc scripts" size="-1" type="Calc Script"/><resource description="" id="1METBUD.csc" lastUpdated="1493943185000" modifiedBy="" name="1METBUD.csc" path="/Plan Type/CALSBD01/Calc scripts" pathAlias="/Plan Type/CALSBD01/Calc scripts" size="-1" type="Calc Script"/><resource description="" id="1QRSCEN.csc" lastUpdated="1555820536000" modifiedBy="" name="1QRSCEN.csc" path="/Plan Type/CALSBD01/Calc scripts" pathAlias="/Plan Type/CALSBD01/Calc scripts" size="-1" type="Calc Script"/><resource description="" id="2222.csc" lastUpdated="1581317878000" modifiedBy="" name="2222.csc" path="/Plan Type/CALSBD01/Calc scripts" pathAlias="/Plan Type/CALSBD01/Calc scripts" size="-1" type="Calc Script"/><resource description="" id="2CLRACTP.csc" lastUpdated="1501186050000" modifiedBy="" name="2CLRACTP.csc" path="/Plan Type/CALSBD01/Calc scripts" pathAlias="/Plan Type/CALSBD01/Calc scripts" size="-1" type="Calc Script"/><resource description="" id="3EXPALL.csc" lastUpdated="1518785339000" modifiedBy="" name="3EXPALL.csc" path="/Plan Type/CALSBD01/Calc scripts" pathAlias="/Plan Type/CALSBD01/Calc scripts" size="-1" type="Calc Script"/><resource description="" id="5CLROP.csc" lastUpdated="1518801598000" modifiedBy="" name="5CLROP.csc" path="/Plan Type/CALSBD01/Calc scripts" pathAlias="/Plan Type/CALSBD01/Calc scripts" size="-1" type="Calc Script"/><resource description="" id="5EXPALL.csc" lastUpdated="1518798574000" modifiedBy="" name="5EXPALL.csc" path="/Plan Type/CALSBD01/Calc scripts" pathAlias="/Plan Type/CALSBD01/Calc scripts" size="-1" type="Calc Script"/><resource description="" id="6CLROP.csc" lastUpdated="1521040721000" modifiedBy="" name="6CLROP.csc" path="/Plan Type/CALSBD01/Calc scripts" pathAlias="/Plan Type/CALSBD01/Calc scripts" size="-1" type="Calc Script"/><resource description="" id="6CURALL.csc" lastUpdated="1519327428000" modifiedBy="" name="6CURALL.csc" path="/Plan Type/CALSBD01/Calc scripts" pathAlias="/Plan Type/CALSBD01/Calc scripts" size="-1" type="Calc Script"/><resource description="" id="7EXPGEM.csc" lastUpdated="1519945275000" modifiedBy="" name="7EXPGEM.csc" path="/Plan Type/CALSBD01/Calc scripts" pathAlias="/Plan Type/CALSBD01/Calc scripts" size="-1" type="Calc Script"/><resource description="" id="7EXPGTS.csc" lastUpdated="1519945291000" modifiedBy="" name="7EXPGTS.csc" path="/Plan Type/CALSBD01/Calc scripts" pathAlias="/Plan Type/CALSBD01/Calc scripts" size="-1" type="Calc Script"/><resource description="" id="AGGID117.csc" lastUpdated="1511448818000" modifiedBy="" name="AGGID117.csc" path="/Plan Type/CALSBD01/Calc scripts" pathAlias="/Plan Type/CALSBD01/Calc scripts" size="-1" type="Calc Script"/><resource description="" id="AGGIDXX.csc" lastUpdated="1510574030000" modifiedBy="" name="AGGIDXX.csc" path="/Plan Type/CALSBD01/Calc scripts" pathAlias="/Plan Type/CALSBD01/Calc scripts" size="-1" type="Calc Script"/><resource description="" id="BLOCKACQ.csc" lastUpdated="1568202161000" modifiedBy="" name="BLOCKACQ.csc" path="/Plan Type/CALSBD01/Calc scripts" pathAlias="/Plan Type/CALSBD01/Calc scripts" size="-1" type="Calc Script"/><resource description="" id="CACQADJP.csc" lastUpdated="1583145345000" modifiedBy="" name="CACQADJP.csc" path="/Plan Type/CALSBD01/Calc scripts" pathAlias="/Plan Type/CALSBD01/Calc scripts" size="-1" type="Calc Script"/><resource description="" id="CACQAL.csc" lastUpdated="1571402759000" modifiedBy="" name="CACQAL.csc" path="/Plan Type/CALSBD01/Calc scripts" pathAlias="/Plan Type/CALSBD01/Calc scripts" size="-1" type="Calc Script"/><resource description="" id="CACQAP.csc" lastUpdated="1571402122000" modifiedBy="" name="CACQAP.csc" path="/Plan Type/CALSBD01/Calc scripts" pathAlias="/Plan Type/CALSBD01/Calc scripts" size="-1" type="Calc Script"/><resource description="" id="CACQBP.csc" lastUpdated="1583145296000" modifiedBy="" name="CACQBP.csc" path="/Plan Type/CALSBD01/Calc scripts" pathAlias="/Plan Type/CALSBD01/Calc scripts" size="-1" type="Calc Script"/><resource description="" id="CACQCF.csc" lastUpdated="1571650661000" modifiedBy="" name="CACQCF.csc" path="/Plan Type/CALSBD01/Calc scripts" pathAlias="/Plan Type/CALSBD01/Calc scripts" size="-1" type="Calc Script"/><resource description="" id="CACQCF1.csc" lastUpdated="1578210861000" modifiedBy="" name="CACQCF1.csc" path="/Plan Type/CALSBD01/Calc scripts" pathAlias="/Plan Type/CALSBD01/Calc scripts" size="-1" type="Calc Script"/><resource description="" id="CACQCFD.csc" lastUpdated="1583145229000" modifiedBy="" name="CACQCFD.csc" path="/Plan Type/CALSBD01/Calc scripts" pathAlias="/Plan Type/CALSBD01/Calc scripts" size="-1" type="Calc Script"/><resource description="" id="CACQCP.csc" lastUpdated="1574258660000" modifiedBy="" name="CACQCP.csc" path="/Plan Type/CALSBD01/Calc scripts" pathAlias="/Plan Type/CALSBD01/Calc scripts" size="-1" type="Calc Script"/><resource description="" id="CACQCPD.csc" lastUpdated="1583145176000" modifiedBy="" name="CACQCPD.csc" path="/Plan Type/CALSBD01/Calc scripts" pathAlias="/Plan Type/CALSBD01/Calc scripts" size="-1" type="Calc Script"/><resource description="" id="CACQCPG.csc" lastUpdated="1583145023000" modifiedBy="" name="CACQCPG.csc" path="/Plan Type/CALSBD01/Calc scripts" pathAlias="/Plan Type/CALSBD01/Calc scripts" size="-1" type="Calc Script"/><resource description="" id="CALCADJ.csc" lastUpdated="1532459648000" modifiedBy="" name="CALCADJ.csc" path="/Plan Type/CALSBD01/Calc scripts" pathAlias="/Plan Type/CALSBD01/Calc scripts" size="-1" type="Calc Script"/><resource description="" id="CLRACQ.csc" lastUpdated="1523875102000" modifiedBy="" name="CLRACQ.csc" path="/Plan Type/CALSBD01/Calc scripts" pathAlias="/Plan Type/CALSBD01/Calc scripts" size="-1" type="Calc Script"/><resource description="" id="CLRACQAL.csc" lastUpdated="1574249196000" modifiedBy="" name="CLRACQAL.csc" path="/Plan Type/CALSBD01/Calc scripts" pathAlias="/Plan Type/CALSBD01/Calc scripts" size="-1" type="Calc Script"/><resource description="" id="CLRACQAP.csc" lastUpdated="1571565005000" modifiedBy="" name="CLRACQAP.csc" path="/Plan Type/CALSBD01/Calc scripts" pathAlias="/Plan Type/CALSBD01/Calc scripts" size="-1" type="Calc Script"/><resource description="" id="CLRACQBP.csc" lastUpdated="1583144825000" modifiedBy="" name="CLRACQBP.csc" path="/Plan Type/CALSBD01/Calc scripts" pathAlias="/Plan Type/CALSBD01/Calc scripts" size="-1" type="Calc Script"/><resource description="" id="CLRACQCF.csc" lastUpdated="1573803782000" modifiedBy="" name="CLRACQCF.csc" path="/Plan Type/CALSBD01/Calc scripts" pathAlias="/Plan Type/CALSBD01/Calc scripts" size="-1" type="Calc Script"/><resource description="" id="CLRACQCP.csc" lastUpdated="1573840025000" modifiedBy="" name="CLRACQCP.csc" path="/Plan Type/CALSBD01/Calc scripts" pathAlias="/Plan Type/CALSBD01/Calc scripts" size="-1" type="Calc Script"/><resource description="" id="CLRACT.csc" lastUpdated="1491258314000" modifiedBy="" name="CLRACT.csc" path="/Plan Type/CALSBD01/Calc scripts" pathAlias="/Plan Type/CALSBD01/Calc scripts" size="-1" type="Calc Script"/><resource description="" id="CLRADHOC.csc" lastUpdated="1524606230000" modifiedBy="" name="CLRADHOC.csc" path="/Plan Type/CALSBD01/Calc scripts" pathAlias="/Plan Type/CALSBD01/Calc scripts" size="-1" type="Calc Script"/><resource description="" id="CLRADJ.csc" lastUpdated="1471377460000" modifiedBy="" name="CLRADJ.csc" path="/Plan Type/CALSBD01/Calc scripts" pathAlias="/Plan Type/CALSBD01/Calc scripts" size="-1" type="Calc Script"/><resource description="" id="CLRADJP.csc" lastUpdated="1478281343000" modifiedBy="" name="CLRADJP.csc" path="/Plan Type/CALSBD01/Calc scripts" pathAlias="/Plan Type/CALSBD01/Calc scripts" size="-1" type="Calc Script"/><resource description="" id="CLRAL.csc" lastUpdated="1569941746000" modifiedBy="" name="CLRAL.csc" path="/Plan Type/CALSBD01/Calc scripts" pathAlias="/Plan Type/CALSBD01/Calc scripts" size="-1" type="Calc Script"/><resource description="" id="CLRALCA.csc" lastUpdated="1577093722000" modifiedBy="" name="CLRALCA.csc" path="/Plan Type/CALSBD01/Calc scripts" pathAlias="/Plan Type/CALSBD01/Calc scripts" size="-1" type="Calc Script"/><resource description="" id="CLRAP.csc" lastUpdated="1569941789000" modifiedBy="" name="CLRAP.csc" path="/Plan Type/CALSBD01/Calc scripts" pathAlias="/Plan Type/CALSBD01/Calc scripts" size="-1" type="Calc Script"/><resource description="" id="CLRAQAJP.csc" lastUpdated="1583144775000" modifiedBy="" name="CLRAQAJP.csc" path="/Plan Type/CALSBD01/Calc scripts" pathAlias="/Plan Type/CALSBD01/Calc scripts" size="-1" type="Calc Script"/><resource description="" id="CLRAQCFD.csc" lastUpdated="1583144650000" modifiedBy="" name="CLRAQCFD.csc" path="/Plan Type/CALSBD01/Calc scripts" pathAlias="/Plan Type/CALSBD01/Calc scripts" size="-1" type="Calc Script"/><resource description="" id="CLRAQCPD.csc" lastUpdated="1583144706000" modifiedBy="" name="CLRAQCPD.csc" path="/Plan Type/CALSBD01/Calc scripts" pathAlias="/Plan Type/CALSBD01/Calc scripts" size="-1" type="Calc Script"/><resource description="" id="CLRAQCPG.csc" lastUpdated="1583154590000" modifiedBy="" name="CLRAQCPG.csc" path="/Plan Type/CALSBD01/Calc scripts" pathAlias="/Plan Type/CALSBD01/Calc scripts" size="-1" type="Calc Script"/><resource description="" id="CLRBKAJP.csc" lastUpdated="1583143640000" modifiedBy="" name="CLRBKAJP.csc" path="/Plan Type/CALSBD01/Calc scripts" pathAlias="/Plan Type/CALSBD01/Calc scripts" size="-1" type="Calc Script"/><resource description="" id="CLRBKCFD.csc" lastUpdated="1583143583000" modifiedBy="" name="CLRBKCFD.csc" path="/Plan Type/CALSBD01/Calc scripts" pathAlias="/Plan Type/CALSBD01/Calc scripts" size="-1" type="Calc Script"/><resource description="" id="CLRBKCPD.csc" lastUpdated="1583143503000" modifiedBy="" name="CLRBKCPD.csc" path="/Plan Type/CALSBD01/Calc scripts" pathAlias="/Plan Type/CALSBD01/Calc scripts" size="-1" type="Calc Script"/><resource description="" id="CLRBKCPG.csc" lastUpdated="1583154492000" modifiedBy="" name="CLRBKCPG.csc" path="/Plan Type/CALSBD01/Calc scripts" pathAlias="/Plan Type/CALSBD01/Calc scripts" size="-1" type="Calc Script"/><resource description="" id="CLRBLK.csc" lastUpdated="1571073250000" modifiedBy="" name="CLRBLK.csc" path="/Plan Type/CALSBD01/Calc scripts" pathAlias="/Plan Type/CALSBD01/Calc scripts" size="-1" type="Calc Script"/><resource description="" id="CLRBLKAL.csc" lastUpdated="1574249748000" modifiedBy="" name="CLRBLKAL.csc" path="/Plan Type/CALSBD01/Calc scripts" pathAlias="/Plan Type/CALSBD01/Calc scripts" size="-1" type="Calc Script"/><resource description="" id="CLRBLKAP.csc" lastUpdated="1571564731000" modifiedBy="" name="CLRBLKAP.csc" path="/Plan Type/CALSBD01/Calc scripts" pathAlias="/Plan Type/CALSBD01/Calc scripts" size="-1" type="Calc Script"/><resource description="" id="CLRBLKBP.csc" lastUpdated="1583142683000" modifiedBy="" name="CLRBLKBP.csc" path="/Plan Type/CALSBD01/Calc scripts" pathAlias="/Plan Type/CALSBD01/Calc scripts" size="-1" type="Calc Script"/><resource description="" id="CLRBLKCF.csc" lastUpdated="1573817132000" modifiedBy="" name="CLRBLKCF.csc" path="/Plan Type/CALSBD01/Calc scripts" pathAlias="/Plan Type/CALSBD01/Calc scripts" size="-1" type="Calc Script"/><resource description="" id="CLRBLKCP.csc" lastUpdated="1573840133000" modifiedBy="" name="CLRBLKCP.csc" path="/Plan Type/CALSBD01/Calc scripts" pathAlias="/Plan Type/CALSBD01/Calc scripts" size="-1" type="Calc Script"/><resource description="" id="CLRBUD.csc" lastUpdated="1490983846000" modifiedBy="" name="CLRBUD.csc" path="/Plan Type/CALSBD01/Calc scripts" pathAlias="/Plan Type/CALSBD01/Calc scripts" size="-1" type="Calc Script"/><resource description="" id="CLRCFBPD.csc" lastUpdated="1556244465000" modifiedBy="" name="CLRCFBPD.csc" path="/Plan Type/CALSBD01/Calc scripts" pathAlias="/Plan Type/CALSBD01/Calc scripts" size="-1" type="Calc Script"/><resource description="" id="CLRCFCBP.csc" lastUpdated="1556244203000" modifiedBy="" name="CLRCFCBP.csc" path="/Plan Type/CALSBD01/Calc scripts" pathAlias="/Plan Type/CALSBD01/Calc scripts" size="-1" type="Calc Script"/><resource description="" id="CLRCFCPG.csc" lastUpdated="1577093321000" modifiedBy="" name="CLRCFCPG.csc" path="/Plan Type/CALSBD01/Calc scripts" pathAlias="/Plan Type/CALSBD01/Calc scripts" size="-1" type="Calc Script"/><resource description="" id="CLRCFTP.csc" lastUpdated="1577785076000" modifiedBy="" name="CLRCFTP.csc" path="/Plan Type/CALSBD01/Calc scripts" pathAlias="/Plan Type/CALSBD01/Calc scripts" size="-1" type="Calc Script"/><resource description="" id="CLRCFTPD.csc" lastUpdated="1577784959000" modifiedBy="" name="CLRCFTPD.csc" path="/Plan Type/CALSBD01/Calc scripts" pathAlias="/Plan Type/CALSBD01/Calc scripts" size="-1" type="Calc Script"/><resource description="" id="CLRCFTPG.csc" lastUpdated="1577104539000" modifiedBy="" name="CLRCFTPG.csc" path="/Plan Type/CALSBD01/Calc scripts" pathAlias="/Plan Type/CALSBD01/Calc scripts" size="-1" type="Calc Script"/><resource description="" id="CLRCMINP.csc" lastUpdated="1577093161000" modifiedBy="" name="CLRCMINP.csc" path="/Plan Type/CALSBD01/Calc scripts" pathAlias="/Plan Type/CALSBD01/Calc scripts" size="-1" type="Calc Script"/><resource description="" id="CLRCORP.csc" lastUpdated="1490983889000" modifiedBy="" name="CLRCORP.csc" path="/Plan Type/CALSBD01/Calc scripts" pathAlias="/Plan Type/CALSBD01/Calc scripts" size="-1" type="Calc Script"/><resource description="" id="CLRFCST.csc" lastUpdated="1464355333000" modifiedBy="" name="CLRFCST.csc" path="/Plan Type/CALSBD01/Calc scripts" pathAlias="/Plan Type/CALSBD01/Calc scripts" size="-1" type="Calc Script"/><resource description="" id="CLRFCSTD.csc" lastUpdated="1546844051000" modifiedBy="" name="CLRFCSTD.csc" path="/Plan Type/CALSBD01/Calc scripts" pathAlias="/Plan Type/CALSBD01/Calc scripts" size="-1" type="Calc Script"/><resource description="" id="CLRFlag.csc" lastUpdated="1571648319000" modifiedBy="" name="CLRFlag.csc" path="/Plan Type/CALSBD01/Calc scripts" pathAlias="/Plan Type/CALSBD01/Calc scripts" size="-1" type="Calc Script"/><resource description="" id="CLRGEMB.csc" lastUpdated="1577093652000" modifiedBy="" name="CLRGEMB.csc" path="/Plan Type/CALSBD01/Calc scripts" pathAlias="/Plan Type/CALSBD01/Calc scripts" size="-1" type="Calc Script"/><resource description="" id="CLRMTH.csc" lastUpdated="1577092538000" modifiedBy="" name="CLRMTH.csc" path="/Plan Type/CALSBD01/Calc scripts" pathAlias="/Plan Type/CALSBD01/Calc scripts" size="-1" type="Calc Script"/><resource description="" id="CLRSEED.csc" lastUpdated="1496417872000" modifiedBy="" name="CLRSEED.csc" path="/Plan Type/CALSBD01/Calc scripts" pathAlias="/Plan Type/CALSBD01/Calc scripts" size="-1" type="Calc Script"/><resource description="" id="CLRZERO.csc" lastUpdated="1504897397000" modifiedBy="" name="CLRZERO.csc" path="/Plan Type/CALSBD01/Calc scripts" pathAlias="/Plan Type/CALSBD01/Calc scripts" size="-1" type="Calc Script"/><resource description="" id="CONACTBD.csc" lastUpdated="1490984589000" modifiedBy="" name="CONACTBD.csc" path="/Plan Type/CALSBD01/Calc scripts" pathAlias="/Plan Type/CALSBD01/Calc scripts" size="-1" type="Calc Script"/><resource description="" id="CONACTPR.csc" lastUpdated="1491302708000" modifiedBy="" name="CONACTPR.csc" path="/Plan Type/CALSBD01/Calc scripts" pathAlias="/Plan Type/CALSBD01/Calc scripts" size="-1" type="Calc Script"/><resource description="" id="CONACTQR.csc" lastUpdated="1555551204000" modifiedBy="" name="CONACTQR.csc" path="/Plan Type/CALSBD01/Calc scripts" pathAlias="/Plan Type/CALSBD01/Calc scripts" size="-1" type="Calc Script"/><resource description="" id="CONALTB.csc" lastUpdated="1516390165000" modifiedBy="" name="CONALTB.csc" path="/Plan Type/CALSBD01/Calc scripts" pathAlias="/Plan Type/CALSBD01/Calc scripts" size="-1" type="Calc Script"/><resource description="" id="CONALTBP.csc" lastUpdated="1516390185000" modifiedBy="" name="CONALTBP.csc" path="/Plan Type/CALSBD01/Calc scripts" pathAlias="/Plan Type/CALSBD01/Calc scripts" size="-1" type="Calc Script"/><resource description="" id="CONFCTAN.csc" lastUpdated="1490984798000" modifiedBy="" name="CONFCTAN.csc" path="/Plan Type/CALSBD01/Calc scripts" pathAlias="/Plan Type/CALSBD01/Calc scripts" size="-1" type="Calc Script"/><resource description="" id="CONFCTP.csc" lastUpdated="1555551142000" modifiedBy="" name="CONFCTP.csc" path="/Plan Type/CALSBD01/Calc scripts" pathAlias="/Plan Type/CALSBD01/Calc scripts" size="-1" type="Calc Script"/><resource description="" id="CONFCTPD.csc" lastUpdated="1555889099000" modifiedBy="" name="CONFCTPD.csc" path="/Plan Type/CALSBD01/Calc scripts" pathAlias="/Plan Type/CALSBD01/Calc scripts" size="-1" type="Calc Script"/><resource description="" id="CONFCTPG.csc" lastUpdated="1577093403000" modifiedBy="" name="CONFCTPG.csc" path="/Plan Type/CALSBD01/Calc scripts" pathAlias="/Plan Type/CALSBD01/Calc scripts" size="-1" type="Calc Script"/><resource description="" id="CONFCTQR.csc" lastUpdated="1555820931000" modifiedBy="" name="CONFCTQR.csc" path="/Plan Type/CALSBD01/Calc scripts" pathAlias="/Plan Type/CALSBD01/Calc scripts" size="-1" type="Calc Script"/><resource description="" id="CONSFCTD.csc" lastUpdated="1555888978000" modifiedBy="" name="CONSFCTD.csc" path="/Plan Type/CALSBD01/Calc scripts" pathAlias="/Plan Type/CALSBD01/Calc scripts" size="-1" type="Calc Script"/><resource description="" id="CONSTACT.csc" lastUpdated="1555551106000" modifiedBy="" name="CONSTACT.csc" path="/Plan Type/CALSBD01/Calc scripts" pathAlias="/Plan Type/CALSBD01/Calc scripts" size="-1" type="Calc Script"/><resource description="" id="CONSTADJ.csc" lastUpdated="1558621651000" modifiedBy="" name="CONSTADJ.csc" path="/Plan Type/CALSBD01/Calc scripts" pathAlias="/Plan Type/CALSBD01/Calc scripts" size="-1" type="Calc Script"/><resource description="" id="CONSTCRP.csc" lastUpdated="1495521057000" modifiedBy="" name="CONSTCRP.csc" path="/Plan Type/CALSBD01/Calc scripts" pathAlias="/Plan Type/CALSBD01/Calc scripts" size="-1" type="Calc Script"/><resource description="" id="CONSTFCT.csc" lastUpdated="1555515662000" modifiedBy="" name="CONSTFCT.csc" path="/Plan Type/CALSBD01/Calc scripts" pathAlias="/Plan Type/CALSBD01/Calc scripts" size="-1" type="Calc Script"/><resource description="" id="CONSTM3.csc" lastUpdated="1508245988000" modifiedBy="" name="CONSTM3.csc" path="/Plan Type/CALSBD01/Calc scripts" pathAlias="/Plan Type/CALSBD01/Calc scripts" size="-1" type="Calc Script"/><resource description="" id="CONSTRAN.csc" lastUpdated="1464355333000" modifiedBy="" name="CONSTRAN.csc" path="/Plan Type/CALSBD01/Calc scripts" pathAlias="/Plan Type/CALSBD01/Calc scripts" size="-1" type="Calc Script"/><resource description="" id="CONSTSTB.csc" lastUpdated="1495521196000" modifiedBy="" name="CONSTSTB.csc" path="/Plan Type/CALSBD01/Calc scripts" pathAlias="/Plan Type/CALSBD01/Calc scripts" size="-1" type="Calc Script"/><resource description="" id="CONSTSTP.csc" lastUpdated="1495521304000" modifiedBy="" name="CONSTSTP.csc" path="/Plan Type/CALSBD01/Calc scripts" pathAlias="/Plan Type/CALSBD01/Calc scripts" size="-1" type="Calc Script"/><resource description="" id="CONTFCTG.csc" lastUpdated="1577093459000" modifiedBy="" name="CONTFCTG.csc" path="/Plan Type/CALSBD01/Calc scripts" pathAlias="/Plan Type/CALSBD01/Calc scripts" size="-1" type="Calc Script"/><resource description="" id="CPYACTN.csc" lastUpdated="1510852259000" modifiedBy="" name="CPYACTN.csc" path="/Plan Type/CALSBD01/Calc scripts" pathAlias="/Plan Type/CALSBD01/Calc scripts" size="-1" type="Calc Script"/><resource description="" id="CPYALLOC.csc" lastUpdated="1577093096000" modifiedBy="" name="CPYALLOC.csc" path="/Plan Type/CALSBD01/Calc scripts" pathAlias="/Plan Type/CALSBD01/Calc scripts" size="-1" type="Calc Script"/><resource description="" id="CPYCORP.csc" lastUpdated="1490985183000" modifiedBy="" name="CPYCORP.csc" path="/Plan Type/CALSBD01/Calc scripts" pathAlias="/Plan Type/CALSBD01/Calc scripts" size="-1" type="Calc Script"/><resource description="" id="CPYFCTN.csc" lastUpdated="1510852583000" modifiedBy="" name="CPYFCTN.csc" path="/Plan Type/CALSBD01/Calc scripts" pathAlias="/Plan Type/CALSBD01/Calc scripts" size="-1" type="Calc Script"/><resource description="" id="CPYM2.csc" lastUpdated="1495481807000" modifiedBy="" name="CPYM2.csc" path="/Plan Type/CALSBD01/Calc scripts" pathAlias="/Plan Type/CALSBD01/Calc scripts" size="-1" type="Calc Script"/><resource description="" id="CPYM3.csc" lastUpdated="1495481933000" modifiedBy="" name="CPYM3.csc" path="/Plan Type/CALSBD01/Calc scripts" pathAlias="/Plan Type/CALSBD01/Calc scripts" size="-1" type="Calc Script"/><resource description="" id="CPYS2B.csc" lastUpdated="1490985284000" modifiedBy="" name="CPYS2B.csc" path="/Plan Type/CALSBD01/Calc scripts" pathAlias="/Plan Type/CALSBD01/Calc scripts" size="-1" type="Calc Script"/><resource description="" id="CPYSTRAT.csc" lastUpdated="1495482027000" modifiedBy="" name="CPYSTRAT.csc" path="/Plan Type/CALSBD01/Calc scripts" pathAlias="/Plan Type/CALSBD01/Calc scripts" size="-1" type="Calc Script"/><resource description="" id="CURRACT.csc" lastUpdated="1464355333000" modifiedBy="" name="CURRACT.csc" path="/Plan Type/CALSBD01/Calc scripts" pathAlias="/Plan Type/CALSBD01/Calc scripts" size="-1" type="Calc Script"/><resource description="" id="CURRADJ.csc" lastUpdated="1490985370000" modifiedBy="" name="CURRADJ.csc" path="/Plan Type/CALSBD01/Calc scripts" pathAlias="/Plan Type/CALSBD01/Calc scripts" size="-1" type="Calc Script"/><resource description="" id="EXACQCFY.csc" lastUpdated="1574021994000" modifiedBy="" name="EXACQCFY.csc" path="/Plan Type/CALSBD01/Calc scripts" pathAlias="/Plan Type/CALSBD01/Calc scripts" size="-1" type="Calc Script"/><resource description="" id="EXACQN2Y.csc" lastUpdated="1574022058000" modifiedBy="" name="EXACQN2Y.csc" path="/Plan Type/CALSBD01/Calc scripts" pathAlias="/Plan Type/CALSBD01/Calc scripts" size="-1" type="Calc Script"/><resource description="" id="EXACQNY.csc" lastUpdated="1574022104000" modifiedBy="" name="EXACQNY.csc" path="/Plan Type/CALSBD01/Calc scripts" pathAlias="/Plan Type/CALSBD01/Calc scripts" size="-1" type="Calc Script"/><resource description="" id="EXAQCFYD.csc" lastUpdated="1583155219000" modifiedBy="" name="EXAQCFYD.csc" path="/Plan Type/CALSBD01/Calc scripts" pathAlias="/Plan Type/CALSBD01/Calc scripts" size="-1" type="Calc Script"/><resource description="" id="EXAQNYD.csc" lastUpdated="1583142533000" modifiedBy="" name="EXAQNYD.csc" path="/Plan Type/CALSBD01/Calc scripts" pathAlias="/Plan Type/CALSBD01/Calc scripts" size="-1" type="Calc Script"/><resource description="" id="EXPACT.csc" lastUpdated="1568344028000" modifiedBy="" name="EXPACT.csc" path="/Plan Type/CALSBD01/Calc scripts" pathAlias="/Plan Type/CALSBD01/Calc scripts" size="-1" type="Calc Script"/><resource description="" id="EXPACTAV.csc" lastUpdated="1502876519000" modifiedBy="" name="EXPACTAV.csc" path="/Plan Type/CALSBD01/Calc scripts" pathAlias="/Plan Type/CALSBD01/Calc scripts" size="-1" type="Calc Script"/><resource description="" id="EXPACTCB.csc" lastUpdated="1547764653000" modifiedBy="" name="EXPACTCB.csc" path="/Plan Type/CALSBD01/Calc scripts" pathAlias="/Plan Type/CALSBD01/Calc scripts" size="-1" type="Calc Script"/><resource description="" id="EXPACTCC.csc" lastUpdated="1547764696000" modifiedBy="" name="EXPACTCC.csc" path="/Plan Type/CALSBD01/Calc scripts" pathAlias="/Plan Type/CALSBD01/Calc scripts" size="-1" type="Calc Script"/><resource description="" id="EXPACTP.csc" lastUpdated="1555515852000" modifiedBy="" name="EXPACTP.csc" path="/Plan Type/CALSBD01/Calc scripts" pathAlias="/Plan Type/CALSBD01/Calc scripts" size="-1" type="Calc Script"/><resource description="" id="EXPACTPS.csc" lastUpdated="1515170186000" modifiedBy="" name="EXPACTPS.csc" path="/Plan Type/CALSBD01/Calc scripts" pathAlias="/Plan Type/CALSBD01/Calc scripts" size="-1" type="Calc Script"/><resource description="" id="EXPACTQR.csc" lastUpdated="1555572433000" modifiedBy="" name="EXPACTQR.csc" path="/Plan Type/CALSBD01/Calc scripts" pathAlias="/Plan Type/CALSBD01/Calc scripts" size="-1" type="Calc Script"/><resource description="" id="EXPACTRT.csc" lastUpdated="1544096778000" modifiedBy="" name="EXPACTRT.csc" path="/Plan Type/CALSBD01/Calc scripts" pathAlias="/Plan Type/CALSBD01/Calc scripts" size="-1" type="Calc Script"/><resource description="" id="EXPADHO1.csc" lastUpdated="1569587449000" modifiedBy="" name="EXPADHO1.csc" path="/Plan Type/CALSBD01/Calc scripts" pathAlias="/Plan Type/CALSBD01/Calc scripts" size="-1" type="Calc Script"/><resource description="" id="EXPADHOC.csc" lastUpdated="1524606155000" modifiedBy="" name="EXPADHOC.csc" path="/Plan Type/CALSBD01/Calc scripts" pathAlias="/Plan Type/CALSBD01/Calc scripts" size="-1" type="Calc Script"/><resource description="" id="EXPADJ.csc" lastUpdated="1563521506000" modifiedBy="" name="EXPADJ.csc" path="/Plan Type/CALSBD01/Calc scripts" pathAlias="/Plan Type/CALSBD01/Calc scripts" size="-1" type="Calc Script"/><resource description="" id="EXPADJP.csc" lastUpdated="1555515927000" modifiedBy="" name="EXPADJP.csc" path="/Plan Type/CALSBD01/Calc scripts" pathAlias="/Plan Type/CALSBD01/Calc scripts" size="-1" type="Calc Script"/><resource description="" id="EXPALTB.csc" lastUpdated="1502294930000" modifiedBy="" name="EXPALTB.csc" path="/Plan Type/CALSBD01/Calc scripts" pathAlias="/Plan Type/CALSBD01/Calc scripts" size="-1" type="Calc Script"/><resource description="" id="EXPBUD.csc" lastUpdated="1476884209000" modifiedBy="" name="EXPBUD.csc" path="/Plan Type/CALSBD01/Calc scripts" pathAlias="/Plan Type/CALSBD01/Calc scripts" size="-1" type="Calc Script"/><resource description="" id="EXPBUDHS.csc" lastUpdated="1483132168000" modifiedBy="" name="EXPBUDHS.csc" path="/Plan Type/CALSBD01/Calc scripts" pathAlias="/Plan Type/CALSBD01/Calc scripts" size="-1" type="Calc Script"/><resource description="" id="EXPBUDNW.csc" lastUpdated="1490492338000" modifiedBy="" name="EXPBUDNW.csc" path="/Plan Type/CALSBD01/Calc scripts" pathAlias="/Plan Type/CALSBD01/Calc scripts" size="-1" type="Calc Script"/><resource description="" id="EXPBUDRT.csc" lastUpdated="1544097575000" modifiedBy="" name="EXPBUDRT.csc" path="/Plan Type/CALSBD01/Calc scripts" pathAlias="/Plan Type/CALSBD01/Calc scripts" size="-1" type="Calc Script"/><resource description="" id="EXPCFCPD.csc" lastUpdated="1583142316000" modifiedBy="" name="EXPCFCPD.csc" path="/Plan Type/CALSBD01/Calc scripts" pathAlias="/Plan Type/CALSBD01/Calc scripts" size="-1" type="Calc Script"/><resource description="" id="EXPCFCST.csc" lastUpdated="1549393658000" modifiedBy="" name="EXPCFCST.csc" path="/Plan Type/CALSBD01/Calc scripts" pathAlias="/Plan Type/CALSBD01/Calc scripts" size="-1" type="Calc Script"/><resource description="" id="EXPCFCTP.csc" lastUpdated="1572875570000" modifiedBy="" name="EXPCFCTP.csc" path="/Plan Type/CALSBD01/Calc scripts" pathAlias="/Plan Type/CALSBD01/Calc scripts" size="-1" type="Calc Script"/><resource description="" id="EXPCFTPG.csc" lastUpdated="1577093260000" modifiedBy="" name="EXPCFTPG.csc" path="/Plan Type/CALSBD01/Calc scripts" pathAlias="/Plan Type/CALSBD01/Calc scripts" size="-1" type="Calc Script"/><resource description="" id="EXPCFTRT.csc" lastUpdated="1533027074000" modifiedBy="" name="EXPCFTRT.csc" path="/Plan Type/CALSBD01/Calc scripts" pathAlias="/Plan Type/CALSBD01/Calc scripts" size="-1" type="Calc Script"/><resource description="" id="EXPFCQ1A.csc" lastUpdated="1479512592000" modifiedBy="" name="EXPFCQ1A.csc" path="/Plan Type/CALSBD01/Calc scripts" pathAlias="/Plan Type/CALSBD01/Calc scripts" size="-1" type="Calc Script"/><resource description="" id="EXPFCQ1B.csc" lastUpdated="1479512592000" modifiedBy="" name="EXPFCQ1B.csc" path="/Plan Type/CALSBD01/Calc scripts" pathAlias="/Plan Type/CALSBD01/Calc scripts" size="-1" type="Calc Script"/><resource description="" id="EXPFCQ2A.csc" lastUpdated="1479512592000" modifiedBy="" name="EXPFCQ2A.csc" path="/Plan Type/CALSBD01/Calc scripts" pathAlias="/Plan Type/CALSBD01/Calc scripts" size="-1" type="Calc Script"/><resource description="" id="EXPFCQ2B.csc" lastUpdated="1479512592000" modifiedBy="" name="EXPFCQ2B.csc" path="/Plan Type/CALSBD01/Calc scripts" pathAlias="/Plan Type/CALSBD01/Calc scripts" size="-1" type="Calc Script"/><resource description="" id="EXPFCST.csc" lastUpdated="1573836974000" modifiedBy="" name="EXPFCST.csc" path="/Plan Type/CALSBD01/Calc scripts" pathAlias="/Plan Type/CALSBD01/Calc scripts" size="-1" type="Calc Script"/><resource description="" id="EXPFCST1.csc" lastUpdated="1574168749000" modifiedBy="" name="EXPFCST1.csc" path="/Plan Type/CALSBD01/Calc scripts" pathAlias="/Plan Type/CALSBD01/Calc scripts" size="-1" type="Calc Script"/><resource description="" id="EXPFCSTC.csc" lastUpdated="1490985902000" modifiedBy="" name="EXPFCSTC.csc" path="/Plan Type/CALSBD01/Calc scripts" pathAlias="/Plan Type/CALSBD01/Calc scripts" size="-1" type="Calc Script"/><resource description="" id="EXPFCSTD.csc" lastUpdated="1555515976000" modifiedBy="" name="EXPFCSTD.csc" path="/Plan Type/CALSBD01/Calc scripts" pathAlias="/Plan Type/CALSBD01/Calc scripts" size="-1" type="Calc Script"/><resource description="" id="EXPFCSTH.csc" lastUpdated="1464355333000" modifiedBy="" name="EXPFCSTH.csc" path="/Plan Type/CALSBD01/Calc scripts" pathAlias="/Plan Type/CALSBD01/Calc scripts" size="-1" type="Calc Script"/><resource description="" id="EXPFCSTP.csc" lastUpdated="1573840380000" modifiedBy="" name="EXPFCSTP.csc" path="/Plan Type/CALSBD01/Calc scripts" pathAlias="/Plan Type/CALSBD01/Calc scripts" size="-1" type="Calc Script"/><resource description="" id="EXPFCTCC.csc" lastUpdated="1547764713000" modifiedBy="" name="EXPFCTCC.csc" path="/Plan Type/CALSBD01/Calc scripts" pathAlias="/Plan Type/CALSBD01/Calc scripts" size="-1" type="Calc Script"/><resource description="" id="EXPFCTM2.csc" lastUpdated="1544098299000" modifiedBy="" name="EXPFCTM2.csc" path="/Plan Type/CALSBD01/Calc scripts" pathAlias="/Plan Type/CALSBD01/Calc scripts" size="-1" type="Calc Script"/><resource description="" id="EXPFCTM3.csc" lastUpdated="1476885127000" modifiedBy="" name="EXPFCTM3.csc" path="/Plan Type/CALSBD01/Calc scripts" pathAlias="/Plan Type/CALSBD01/Calc scripts" size="-1" type="Calc Script"/><resource description="" id="EXPFCTPD.csc" lastUpdated="1555516034000" modifiedBy="" name="EXPFCTPD.csc" path="/Plan Type/CALSBD01/Calc scripts" pathAlias="/Plan Type/CALSBD01/Calc scripts" size="-1" type="Calc Script"/><resource description="" id="EXPFCTQR.csc" lastUpdated="1555655300000" modifiedBy="" name="EXPFCTQR.csc" path="/Plan Type/CALSBD01/Calc scripts" pathAlias="/Plan Type/CALSBD01/Calc scripts" size="-1" type="Calc Script"/><resource description="" id="EXPRATES.csc" lastUpdated="1533026856000" modifiedBy="" name="EXPRATES.csc" path="/Plan Type/CALSBD01/Calc scripts" pathAlias="/Plan Type/CALSBD01/Calc scripts" size="-1" type="Calc Script"/><resource description="" id="EXPSEED.csc" lastUpdated="1486426227000" modifiedBy="" name="EXPSEED.csc" path="/Plan Type/CALSBD01/Calc scripts" pathAlias="/Plan Type/CALSBD01/Calc scripts" size="-1" type="Calc Script"/><resource description="" id="EXPSTCY.csc" lastUpdated="1490985959000" modifiedBy="" name="EXPSTCY.csc" path="/Plan Type/CALSBD01/Calc scripts" pathAlias="/Plan Type/CALSBD01/Calc scripts" size="-1" type="Calc Script"/><resource description="" id="EXPSTRAT.csc" lastUpdated="1476885190000" modifiedBy="" name="EXPSTRAT.csc" path="/Plan Type/CALSBD01/Calc scripts" pathAlias="/Plan Type/CALSBD01/Calc scripts" size="-1" type="Calc Script"/><resource description="" id="EXPSTRCC.csc" lastUpdated="1464355333000" modifiedBy="" name="EXPSTRCC.csc" path="/Plan Type/CALSBD01/Calc scripts" pathAlias="/Plan Type/CALSBD01/Calc scripts" size="-1" type="Calc Script"/><resource description="" id="EXPSTRHS.csc" lastUpdated="1483132255000" modifiedBy="" name="EXPSTRHS.csc" path="/Plan Type/CALSBD01/Calc scripts" pathAlias="/Plan Type/CALSBD01/Calc scripts" size="-1" type="Calc Script"/><resource description="" id="EXP_All.csc" lastUpdated="1574592278000" modifiedBy="" name="EXP_All.csc" path="/Plan Type/CALSBD01/Calc scripts" pathAlias="/Plan Type/CALSBD01/Calc scripts" size="-1" type="Calc Script"/><resource description="" id="EXP_AllD.csc" lastUpdated="1583155265000" modifiedBy="" name="EXP_AllD.csc" path="/Plan Type/CALSBD01/Calc scripts" pathAlias="/Plan Type/CALSBD01/Calc scripts" size="-1" type="Calc Script"/><resource description="" id="EXP_Test.csc" lastUpdated="1568124614000" modifiedBy="" name="EXP_Test.csc" path="/Plan Type/CALSBD01/Calc scripts" pathAlias="/Plan Type/CALSBD01/Calc scripts" size="-1" type="Calc Script"/><resource description="" id="METACPQR.csc" lastUpdated="1564217803000" modifiedBy="" name="METACPQR.csc" path="/Plan Type/CALSBD01/Calc scripts" pathAlias="/Plan Type/CALSBD01/Calc scripts" size="-1" type="Calc Script"/><resource description="" id="METACT.csc" lastUpdated="1574357084000" modifiedBy="" name="METACT.csc" path="/Plan Type/CALSBD01/Calc scripts" pathAlias="/Plan Type/CALSBD01/Calc scripts" size="-1" type="Calc Script"/><resource description="" id="METACT11.csc" lastUpdated="1570100350000" modifiedBy="" name="METACT11.csc" path="/Plan Type/CALSBD01/Calc scripts" pathAlias="/Plan Type/CALSBD01/Calc scripts" size="-1" type="Calc Script"/><resource description="" id="METACTBD.csc" lastUpdated="1564217803000" modifiedBy="" name="METACTBD.csc" path="/Plan Type/CALSBD01/Calc scripts" pathAlias="/Plan Type/CALSBD01/Calc scripts" size="-1" type="Calc Script"/><resource description="" id="METACTP.csc" lastUpdated="1569503952000" modifiedBy="" name="METACTP.csc" path="/Plan Type/CALSBD01/Calc scripts" pathAlias="/Plan Type/CALSBD01/Calc scripts" size="-1" type="Calc Script"/><resource description="" id="METACTPR.csc" lastUpdated="1564217803000" modifiedBy="" name="METACTPR.csc" path="/Plan Type/CALSBD01/Calc scripts" pathAlias="/Plan Type/CALSBD01/Calc scripts" size="-1" type="Calc Script"/><resource description="" id="METACTQR.csc" lastUpdated="1564217804000" modifiedBy="" name="METACTQR.csc" path="/Plan Type/CALSBD01/Calc scripts" pathAlias="/Plan Type/CALSBD01/Calc scripts" size="-1" type="Calc Script"/><resource description="" id="METADJ.csc" lastUpdated="1564217804000" modifiedBy="" name="METADJ.csc" path="/Plan Type/CALSBD01/Calc scripts" pathAlias="/Plan Type/CALSBD01/Calc scripts" size="-1" type="Calc Script"/><resource description="" id="METADJP.csc" lastUpdated="1564217804000" modifiedBy="" name="METADJP.csc" path="/Plan Type/CALSBD01/Calc scripts" pathAlias="/Plan Type/CALSBD01/Calc scripts" size="-1" type="Calc Script"/><resource description="" id="METALTB.csc" lastUpdated="1564217804000" modifiedBy="" name="METALTB.csc" path="/Plan Type/CALSBD01/Calc scripts" pathAlias="/Plan Type/CALSBD01/Calc scripts" size="-1" type="Calc Script"/><resource description="" id="METALTBP.csc" lastUpdated="1564217804000" modifiedBy="" name="METALTBP.csc" path="/Plan Type/CALSBD01/Calc scripts" pathAlias="/Plan Type/CALSBD01/Calc scripts" size="-1" type="Calc Script"/><resource description="" id="METBUD.csc" lastUpdated="1522916828000" modifiedBy="" name="METBUD.csc" path="/Plan Type/CALSBD01/Calc scripts" pathAlias="/Plan Type/CALSBD01/Calc scripts" size="-1" type="Calc Script"/><resource description="" id="METBUDP.csc" lastUpdated="1522917112000" modifiedBy="" name="METBUDP.csc" path="/Plan Type/CALSBD01/Calc scripts" pathAlias="/Plan Type/CALSBD01/Calc scripts" size="-1" type="Calc Script"/><resource description="" id="METCORP.csc" lastUpdated="1564217804000" modifiedBy="" name="METCORP.csc" path="/Plan Type/CALSBD01/Calc scripts" pathAlias="/Plan Type/CALSBD01/Calc scripts" size="-1" type="Calc Script"/><resource description="" id="METFCPQR.csc" lastUpdated="1564217804000" modifiedBy="" name="METFCPQR.csc" path="/Plan Type/CALSBD01/Calc scripts" pathAlias="/Plan Type/CALSBD01/Calc scripts" size="-1" type="Calc Script"/><resource description="" id="METFCT.csc" lastUpdated="1569503952000" modifiedBy="" name="METFCT.csc" path="/Plan Type/CALSBD01/Calc scripts" pathAlias="/Plan Type/CALSBD01/Calc scripts" size="-1" type="Calc Script"/><resource description="" id="METFCTAN.csc" lastUpdated="1564217804000" modifiedBy="" name="METFCTAN.csc" path="/Plan Type/CALSBD01/Calc scripts" pathAlias="/Plan Type/CALSBD01/Calc scripts" size="-1" type="Calc Script"/><resource description="" id="METFCTD.csc" lastUpdated="1564217804000" modifiedBy="" name="METFCTD.csc" path="/Plan Type/CALSBD01/Calc scripts" pathAlias="/Plan Type/CALSBD01/Calc scripts" size="-1" type="Calc Script"/><resource description="" id="METFCTG.csc" lastUpdated="1577093523000" modifiedBy="" name="METFCTG.csc" path="/Plan Type/CALSBD01/Calc scripts" pathAlias="/Plan Type/CALSBD01/Calc scripts" size="-1" type="Calc Script"/><resource description="" id="METFCTP.csc" lastUpdated="1569503952000" modifiedBy="" name="METFCTP.csc" path="/Plan Type/CALSBD01/Calc scripts" pathAlias="/Plan Type/CALSBD01/Calc scripts" size="-1" type="Calc Script"/><resource description="" id="METFCTPD.csc" lastUpdated="1564217804000" modifiedBy="" name="METFCTPD.csc" path="/Plan Type/CALSBD01/Calc scripts" pathAlias="/Plan Type/CALSBD01/Calc scripts" size="-1" type="Calc Script"/><resource description="" id="METFCTPG.csc" lastUpdated="1577093591000" modifiedBy="" name="METFCTPG.csc" path="/Plan Type/CALSBD01/Calc scripts" pathAlias="/Plan Type/CALSBD01/Calc scripts" size="-1" type="Calc Script"/><resource description="" id="METFCTQR.csc" lastUpdated="1564217804000" modifiedBy="" name="METFCTQR.csc" path="/Plan Type/CALSBD01/Calc scripts" pathAlias="/Plan Type/CALSBD01/Calc scripts" size="-1" type="Calc Script"/><resource description="" id="METM3.csc" lastUpdated="1522917746000" modifiedBy="" name="METM3.csc" path="/Plan Type/CALSBD01/Calc scripts" pathAlias="/Plan Type/CALSBD01/Calc scripts" size="-1" type="Calc Script"/><resource description="" id="METSTRAN.csc" lastUpdated="1564217804000" modifiedBy="" name="METSTRAN.csc" path="/Plan Type/CALSBD01/Calc scripts" pathAlias="/Plan Type/CALSBD01/Calc scripts" size="-1" type="Calc Script"/><resource description="" id="Test.csc" lastUpdated="1571428418000" modifiedBy="" name="Test.csc" path="/Plan Type/CALSBD01/Calc scripts" pathAlias="/Plan Type/CALSBD01/Calc scripts" size="-1" type="Calc Script"/><resource description="" id="xCLRGTS.csc" lastUpdated="1493945272000" modifiedBy="" name="xCLRGTS.csc" path="/Plan Type/CALSBD01/Calc scripts" pathAlias="/Plan Type/CALSBD01/Calc scripts" size="-1" type="Calc Script"/><resource description="" id="xCONACT.csc" lastUpdated="1493947311000" modifiedBy="" name="xCONACT.csc" path="/Plan Type/CALSBD01/Calc scripts" pathAlias="/Plan Type/CALSBD01/Calc scripts" size="-1" type="Calc Script"/><resource description="" id="xCONFCTP.csc" lastUpdated="1493949682000" modifiedBy="" name="xCONFCTP.csc" path="/Plan Type/CALSBD01/Calc scripts" pathAlias="/Plan Type/CALSBD01/Calc scripts" size="-1" type="Calc Script"/><resource description="" id="xMETACTP.csc" lastUpdated="1495808047000" modifiedBy="" name="xMETACTP.csc" path="/Plan Type/CALSBD01/Calc scripts" pathAlias="/Plan Type/CALSBD01/Calc scripts" size="-1" type="Calc Script"/><resource description="" id="zAGGPROD.csc" lastUpdated="1509652995000" modifiedBy="" name="zAGGPROD.csc" path="/Plan Type/CALSBD01/Calc scripts" pathAlias="/Plan Type/CALSBD01/Calc scripts" size="-1" type="Calc Script"/><resource description="" id="ZCLRAug.csc" lastUpdated="1516340936000" modifiedBy="" name="ZCLRAug.csc" path="/Plan Type/CALSBD01/Calc scripts" pathAlias="/Plan Type/CALSBD01/Calc scripts" size="-1" type="Calc Script"/><resource description="" id="ZExpIDXX.csc" lastUpdated="1510853470000" modifiedBy="" name="ZExpIDXX.csc" path="/Plan Type/CALSBD01/Calc scripts" pathAlias="/Plan Type/CALSBD01/Calc scripts" size="-1" type="Calc Script"/><resource description="" id="zEXPRDUC.csc" lastUpdated="1509653327000" modifiedBy="" name="zEXPRDUC.csc" path="/Plan Type/CALSBD01/Calc scripts" pathAlias="/Plan Type/CALSBD01/Calc scripts" size="-1" type="Calc Script"/><resource description="" id="zNEWEXPT.csc" lastUpdated="1509653461000" modifiedBy="" name="zNEWEXPT.csc" path="/Plan Type/CALSBD01/Calc scripts" pathAlias="/Plan Type/CALSBD01/Calc scripts" size="-1" type="Calc Script"/><resource description="" id="Default Calc" modifiedBy="" name="Default Calc" path="/Plan Type/CALSBD01/Calc scripts" pathAlias="/Plan Type/CALSBD01/Calc scripts" size="-1" type="Calc Script"/><resource description="" id="2TSTLOAD.rul" lastUpdated="1501187409000" modifiedBy="" name="2TSTLOAD.rul" path="/Plan Type/CALSBD01/Rule files" pathAlias="/Plan Type/CALSBD01/Rule files" size="-1" type="Rule File"/><resource description="" id="Account1.rul" lastUpdated="1464355334000" modifiedBy="" name="Account1.rul" path="/Plan Type/CALSBD01/Rule files" pathAlias="/Plan Type/CALSBD01/Rule files" size="-1" type="Rule File"/><resource description="" id="Account2.rul" lastUpdated="1464355334000" modifiedBy="" name="Account2.rul" path="/Plan Type/CALSBD01/Rule files" pathAlias="/Plan Type/CALSBD01/Rule files" size="-1" type="Rule File"/><resource description="" id="ACQBLKBD.rul" lastUpdated="1576065367000" modifiedBy="" name="ACQBLKBD.rul" path="/Plan Type/CALSBD01/Rule files" pathAlias="/Plan Type/CALSBD01/Rule files" size="-1" type="Rule File"/><resource description="" id="ACQBLKFN.rul" lastUpdated="1573806146000" modifiedBy="" name="ACQBLKFN.rul" path="/Plan Type/CALSBD01/Rule files" pathAlias="/Plan Type/CALSBD01/Rule files" size="-1" type="Rule File"/><resource description="" id="ACQBLOCK.rul" lastUpdated="1571401874000" modifiedBy="" name="ACQBLOCK.rul" path="/Plan Type/CALSBD01/Rule files" pathAlias="/Plan Type/CALSBD01/Rule files" size="-1" type="Rule File"/><resource description="" id="ACQBLOK1.rul" lastUpdated="1571377140000" modifiedBy="" name="ACQBLOK1.rul" path="/Plan Type/CALSBD01/Rule files" pathAlias="/Plan Type/CALSBD01/Rule files" size="-1" type="Rule File"/><resource description="" id="ACQBLOK3.rul" lastUpdated="1569571636000" modifiedBy="" name="ACQBLOK3.rul" path="/Plan Type/CALSBD01/Rule files" pathAlias="/Plan Type/CALSBD01/Rule files" size="-1" type="Rule File"/><resource description="" id="ACQBLOK5.rul" lastUpdated="1569571893000" modifiedBy="" name="ACQBLOK5.rul" path="/Plan Type/CALSBD01/Rule files" pathAlias="/Plan Type/CALSBD01/Rule files" size="-1" type="Rule File"/><resource description="" id="ACQBLOKD.rul" lastUpdated="1575896120000" modifiedBy="" name="ACQBLOKD.rul" path="/Plan Type/CALSBD01/Rule files" pathAlias="/Plan Type/CALSBD01/Rule files" size="-1" type="Rule File"/><resource description="" id="ACQMap.rul" lastUpdated="1571401349000" modifiedBy="" name="ACQMap.rul" path="/Plan Type/CALSBD01/Rule files" pathAlias="/Plan Type/CALSBD01/Rule files" size="-1" type="Rule File"/><resource description="" id="ACQMapCP.rul" lastUpdated="1571426637000" modifiedBy="" name="ACQMapCP.rul" path="/Plan Type/CALSBD01/Rule files" pathAlias="/Plan Type/CALSBD01/Rule files" size="-1" type="Rule File"/><resource description="" id="AQBLKFND.rul" lastUpdated="1575991436000" modifiedBy="" name="AQBLKFND.rul" path="/Plan Type/CALSBD01/Rule files" pathAlias="/Plan Type/CALSBD01/Rule files" size="-1" type="Rule File"/><resource description="" id="Brand.rul" lastUpdated="1464355334000" modifiedBy="" name="Brand.rul" path="/Plan Type/CALSBD01/Rule files" pathAlias="/Plan Type/CALSBD01/Rule files" size="-1" type="Rule File"/><resource description="" id="CALMap.rul" lastUpdated="1568891813000" modifiedBy="" name="CALMap.rul" path="/Plan Type/CALSBD01/Rule files" pathAlias="/Plan Type/CALSBD01/Rule files" size="-1" type="Rule File"/><resource description="" id="CALMap2.rul" lastUpdated="1568891829000" modifiedBy="" name="CALMap2.rul" path="/Plan Type/CALSBD01/Rule files" pathAlias="/Plan Type/CALSBD01/Rule files" size="-1" type="Rule File"/><resource description="" id="CALMapPd.rul" lastUpdated="1568891847000" modifiedBy="" name="CALMapPd.rul" path="/Plan Type/CALSBD01/Rule files" pathAlias="/Plan Type/CALSBD01/Rule files" size="-1" type="Rule File"/><resource description="" id="CALSBD01.rul" lastUpdated="1517526487000" modifiedBy="" name="CALSBD01.rul" path="/Plan Type/CALSBD01/Rule files" pathAlias="/Plan Type/CALSBD01/Rule files" size="-1" type="Rule File"/><resource description="" id="CMAPFP1.rul" lastUpdated="1568891908000" modifiedBy="" name="CMAPFP1.rul" path="/Plan Type/CALSBD01/Rule files" pathAlias="/Plan Type/CALSBD01/Rule files" size="-1" type="Rule File"/><resource description="" id="CMAPFP2.rul" lastUpdated="1568891924000" modifiedBy="" name="CMAPFP2.rul" path="/Plan Type/CALSBD01/Rule files" pathAlias="/Plan Type/CALSBD01/Rule files" size="-1" type="Rule File"/><resource description="" id="CMAPFP3.rul" lastUpdated="1568891939000" modifiedBy="" name="CMAPFP3.rul" path="/Plan Type/CALSBD01/Rule files" pathAlias="/Plan Type/CALSBD01/Rule files" size="-1" type="Rule File"/><resource description="" id="CMAPFP4.rul" lastUpdated="1568891952000" modifiedBy="" name="CMAPFP4.rul" path="/Plan Type/CALSBD01/Rule files" pathAlias="/Plan Type/CALSBD01/Rule files" size="-1" type="Rule File"/><resource description="" id="Currency.rul" lastUpdated="1464355334000" modifiedBy="" name="Currency.rul" path="/Plan Type/CALSBD01/Rule files" pathAlias="/Plan Type/CALSBD01/Rule files" size="-1" type="Rule File"/><resource description="" id="Customer.rul" lastUpdated="1464355334000" modifiedBy="" name="Customer.rul" path="/Plan Type/CALSBD01/Rule files" pathAlias="/Plan Type/CALSBD01/Rule files" size="-1" type="Rule File"/><resource description="" id="Entity1.rul" lastUpdated="1464355334000" modifiedBy="" name="Entity1.rul" path="/Plan Type/CALSBD01/Rule files" pathAlias="/Plan Type/CALSBD01/Rule files" size="-1" type="Rule File"/><resource description="" id="Entity2.rul" lastUpdated="1464355334000" modifiedBy="" name="Entity2.rul" path="/Plan Type/CALSBD01/Rule files" pathAlias="/Plan Type/CALSBD01/Rule files" size="-1" type="Rule File"/><resource description="" id="EPMACT.rul" lastUpdated="1573922000000" modifiedBy="" name="EPMACT.rul" path="/Plan Type/CALSBD01/Rule files" pathAlias="/Plan Type/CALSBD01/Rule files" size="-1" type="Rule File"/><resource description="" id="EPMFXACT.rul" lastUpdated="1573922031000" modifiedBy="" name="EPMFXACT.rul" path="/Plan Type/CALSBD01/Rule files" pathAlias="/Plan Type/CALSBD01/Rule files" size="-1" type="Rule File"/><resource description="" id="ESSALL.rul" lastUpdated="1515083597000" modifiedBy="" name="ESSALL.rul" path="/Plan Type/CALSBD01/Rule files" pathAlias="/Plan Type/CALSBD01/Rule files" size="-1" type="Rule File"/><resource description="" id="EssALLMp.rul" lastUpdated="1517527083000" modifiedBy="" name="EssALLMp.rul" path="/Plan Type/CALSBD01/Rule files" pathAlias="/Plan Type/CALSBD01/Rule files" size="-1" type="Rule File"/><resource description="" id="Function.rul" lastUpdated="1464355334000" modifiedBy="" name="Function.rul" path="/Plan Type/CALSBD01/Rule files" pathAlias="/Plan Type/CALSBD01/Rule files" size="-1" type="Rule File"/><resource description="" id="IAAUTO.rul" lastUpdated="1515539951000" modifiedBy="" name="IAAUTO.rul" path="/Plan Type/CALSBD01/Rule files" pathAlias="/Plan Type/CALSBD01/Rule files" size="-1" type="Rule File"/><resource description="" id="LDACQCFY.rul" lastUpdated="1574022142000" modifiedBy="" name="LDACQCFY.rul" path="/Plan Type/CALSBD01/Rule files" pathAlias="/Plan Type/CALSBD01/Rule files" size="-1" type="Rule File"/><resource description="" id="LDACQN2Y.rul" lastUpdated="1574022177000" modifiedBy="" name="LDACQN2Y.rul" path="/Plan Type/CALSBD01/Rule files" pathAlias="/Plan Type/CALSBD01/Rule files" size="-1" type="Rule File"/><resource description="" id="LDACQNY.rul" lastUpdated="1574022209000" modifiedBy="" name="LDACQNY.rul" path="/Plan Type/CALSBD01/Rule files" pathAlias="/Plan Type/CALSBD01/Rule files" size="-1" type="Rule File"/><resource description="" id="LDADHOC.rul" lastUpdated="1582775781000" modifiedBy="" name="LDADHOC.rul" path="/Plan Type/CALSBD01/Rule files" pathAlias="/Plan Type/CALSBD01/Rule files" size="-1" type="Rule File"/><resource description="" id="LDAQCFYD.rul" lastUpdated="1575991959000" modifiedBy="" name="LDAQCFYD.rul" path="/Plan Type/CALSBD01/Rule files" pathAlias="/Plan Type/CALSBD01/Rule files" size="-1" type="Rule File"/><resource description="" id="LDFNBUD.rul" lastUpdated="1531240674000" modifiedBy="" name="LDFNBUD.rul" path="/Plan Type/CALSBD01/Rule files" pathAlias="/Plan Type/CALSBD01/Rule files" size="-1" type="Rule File"/><resource description="" id="LDOPTNHC.rul" lastUpdated="1519252235000" modifiedBy="" name="LDOPTNHC.rul" path="/Plan Type/CALSBD01/Rule files" pathAlias="/Plan Type/CALSBD01/Rule files" size="-1" type="Rule File"/><resource description="" id="LdPLND.rul" lastUpdated="1568891973000" modifiedBy="" name="LdPLND.rul" path="/Plan Type/CALSBD01/Rule files" pathAlias="/Plan Type/CALSBD01/Rule files" size="-1" type="Rule File"/><resource description="" id="LDSTRAT.rul" lastUpdated="1564368728000" modifiedBy="" name="LDSTRAT.rul" path="/Plan Type/CALSBD01/Rule files" pathAlias="/Plan Type/CALSBD01/Rule files" size="-1" type="Rule File"/><resource description="" id="LoadAB.rul" lastUpdated="1505262887000" modifiedBy="" name="LoadAB.rul" path="/Plan Type/CALSBD01/Rule files" pathAlias="/Plan Type/CALSBD01/Rule files" size="-1" type="Rule File"/><resource description="" id="LoadABP.rul" lastUpdated="1505262802000" modifiedBy="" name="LoadABP.rul" path="/Plan Type/CALSBD01/Rule files" pathAlias="/Plan Type/CALSBD01/Rule files" size="-1" type="Rule File"/><resource description="" id="LoadAP.rul" lastUpdated="1505262972000" modifiedBy="" name="LoadAP.rul" path="/Plan Type/CALSBD01/Rule files" pathAlias="/Plan Type/CALSBD01/Rule files" size="-1" type="Rule File"/><resource description="" id="LoadCAL.rul" lastUpdated="1518086086000" modifiedBy="" name="LoadCAL.rul" path="/Plan Type/CALSBD01/Rule files" pathAlias="/Plan Type/CALSBD01/Rule files" size="-1" type="Rule File"/><resource description="" id="LoadCFP1.rul" lastUpdated="1489530742000" modifiedBy="" name="LoadCFP1.rul" path="/Plan Type/CALSBD01/Rule files" pathAlias="/Plan Type/CALSBD01/Rule files" size="-1" type="Rule File"/><resource description="" id="LoadCFP2.rul" lastUpdated="1489530930000" modifiedBy="" name="LoadCFP2.rul" path="/Plan Type/CALSBD01/Rule files" pathAlias="/Plan Type/CALSBD01/Rule files" size="-1" type="Rule File"/><resource description="" id="LoadCFP3.rul" lastUpdated="1545438344000" modifiedBy="" name="LoadCFP3.rul" path="/Plan Type/CALSBD01/Rule files" pathAlias="/Plan Type/CALSBD01/Rule files" size="-1" type="Rule File"/><resource description="" id="LoadCFP4.rul" lastUpdated="1545438431000" modifiedBy="" name="LoadCFP4.rul" path="/Plan Type/CALSBD01/Rule files" pathAlias="/Plan Type/CALSBD01/Rule files" size="-1" type="Rule File"/><resource description="" id="LoadCFP5.rul" lastUpdated="1555807550000" modifiedBy="" name="LoadCFP5.rul" path="/Plan Type/CALSBD01/Rule files" pathAlias="/Plan Type/CALSBD01/Rule files" size="-1" type="Rule File"/><resource description="" id="LoadCFP6.rul" lastUpdated="1555888388000" modifiedBy="" name="LoadCFP6.rul" path="/Plan Type/CALSBD01/Rule files" pathAlias="/Plan Type/CALSBD01/Rule files" size="-1" type="Rule File"/><resource description="" id="LoadMET.rul" lastUpdated="1505268018000" modifiedBy="" name="LoadMET.rul" path="/Plan Type/CALSBD01/Rule files" pathAlias="/Plan Type/CALSBD01/Rule files" size="-1" type="Rule File"/><resource description="" id="LoadOPT.rul" lastUpdated="1512048930000" modifiedBy="" name="LoadOPT.rul" path="/Plan Type/CALSBD01/Rule files" pathAlias="/Plan Type/CALSBD01/Rule files" size="-1" type="Rule File"/><resource description="" id="LSeedFct.rul" lastUpdated="1496418123000" modifiedBy="" name="LSeedFct.rul" path="/Plan Type/CALSBD01/Rule files" pathAlias="/Plan Type/CALSBD01/Rule files" size="-1" type="Rule File"/><resource description="" id="Period.rul" lastUpdated="1464355334000" modifiedBy="" name="Period.rul" path="/Plan Type/CALSBD01/Rule files" pathAlias="/Plan Type/CALSBD01/Rule files" size="-1" type="Rule File"/><resource description="" id="PRDBLD.rul" lastUpdated="1511452020000" modifiedBy="" name="PRDBLD.rul" path="/Plan Type/CALSBD01/Rule files" pathAlias="/Plan Type/CALSBD01/Rule files" size="-1" type="Rule File"/><resource description="" id="Product.rul" lastUpdated="1464355334000" modifiedBy="" name="Product.rul" path="/Plan Type/CALSBD01/Rule files" pathAlias="/Plan Type/CALSBD01/Rule files" size="-1" type="Rule File"/><resource description="" id="Product1.rul" lastUpdated="1493040615000" modifiedBy="" name="Product1.rul" path="/Plan Type/CALSBD01/Rule files" pathAlias="/Plan Type/CALSBD01/Rule files" size="-1" type="Rule File"/><resource description="" id="Scenario.rul" lastUpdated="1464355334000" modifiedBy="" name="Scenario.rul" path="/Plan Type/CALSBD01/Rule files" pathAlias="/Plan Type/CALSBD01/Rule files" size="-1" type="Rule File"/><resource description="" id="ShipTo.rul" lastUpdated="1464355334000" modifiedBy="" name="ShipTo.rul" path="/Plan Type/CALSBD01/Rule files" pathAlias="/Plan Type/CALSBD01/Rule files" size="-1" type="Rule File"/><resource description="" id="TestLoad.rul" lastUpdated="1517825110000" modifiedBy="" name="TestLoad.rul" path="/Plan Type/CALSBD01/Rule files" pathAlias="/Plan Type/CALSBD01/Rule files" size="-1" type="Rule File"/><resource description="" id="xCALMap.rul" lastUpdated="1493345135000" modifiedBy="" name="xCALMap.rul" path="/Plan Type/CALSBD01/Rule files" pathAlias="/Plan Type/CALSBD01/Rule files" size="-1" type="Rule File"/><resource description="" id="XLoadCAL.rul" lastUpdated="1493159309000" modifiedBy="" name="XLoadCAL.rul" path="/Plan Type/CALSBD01/Rule files" pathAlias="/Plan Type/CALSBD01/Rule files" size="-1" type="Rule File"/><resource description="" id="Year.rul" lastUpdated="1464355334000" modifiedBy="" name="Year.rul" path="/Plan Type/CALSBD01/Rule files" pathAlias="/Plan Type/CALSBD01/Rule files" size="-1" type="Rule File"/><resource description="" id="ZAug1.rul" lastUpdated="1516357649000" modifiedBy="" name="ZAug1.rul" path="/Plan Type/CALSBD01/Rule files" pathAlias="/Plan Type/CALSBD01/Rule files" size="-1" type="Rule File"/><resource description="" id="zBud.rul" lastUpdated="1516649496000" modifiedBy="" name="zBud.rul" path="/Plan Type/CALSBD01/Rule files" pathAlias="/Plan Type/CALSBD01/Rule files" size="-1" type="Rule File"/><resource description="" id="ZCALMap.rul" lastUpdated="1509985610000" modifiedBy="" name="ZCALMap.rul" path="/Plan Type/CALSBD01/Rule files" pathAlias="/Plan Type/CALSBD01/Rule files" size="-1" type="Rule File"/><resource description="" id="ZCALMap2.rul" lastUpdated="1509985832000" modifiedBy="" name="ZCALMap2.rul" path="/Plan Type/CALSBD01/Rule files" pathAlias="/Plan Type/CALSBD01/Rule files" size="-1" type="Rule File"/><resource description="" id="ZCALMapP.rul" lastUpdated="1509986529000" modifiedBy="" name="ZCALMapP.rul" path="/Plan Type/CALSBD01/Rule files" pathAlias="/Plan Type/CALSBD01/Rule files" size="-1" type="Rule File"/><resource description="" id="ZPLoadPR.rul" lastUpdated="1510845665000" modifiedBy="" name="ZPLoadPR.rul" path="/Plan Type/CALSBD01/Rule files" pathAlias="/Plan Type/CALSBD01/Rule files" size="-1" type="Rule File"/></artifactListing>