<?xml version="1.0" encoding="UTF-8" ?>
 <form xmlns:xsi="http://www.w3.org/2001/XMLSchema-instance" name="2000: SBD StdCOS Upload" dir="Forms/OCOS/OCOS" hide="false" autoSubmit="false" planType="1" globalAssumptions="false" enableCubeView="false" enableOffline="false" readOnly="false" calcOnAutoSubmit="false" >
 <description>SBD Standard Cost Forecast Upload for the First 5 - 7 Month</description>
 <query>
 <columns width="100" >
 <segment>
 <dimension displayName="true" displayAlias="false" displayMemberFormula="false" displayConsolidationOperators="false" applyToAllDim="false" name="Years" hide="false" expand="true" >
 <member name="&amp;RFYr6" />
</dimension>
 <dimension displayName="true" displayAlias="false" displayMemberFormula="false" displayConsolidationOperators="false" applyToAllDim="false" name="Period" hide="false" expand="true" >
 <member name="&amp;RFPer6" />
</dimension>
</segment>
 <segment>
 <dimension displayName="true" displayAlias="false" displayMemberFormula="false" displayConsolidationOperators="false" applyToAllDim="false" name="Years" hide="false" expand="true" >
 <member name="&amp;RFYr7" />
</dimension>
 <dimension displayName="true" displayAlias="false" displayMemberFormula="false" displayConsolidationOperators="false" applyToAllDim="false" name="Period" hide="false" expand="true" >
 <member name="&amp;RFPer7" />
</dimension>
</segment>
 <segment>
 <dimension displayName="true" displayAlias="false" displayMemberFormula="false" displayConsolidationOperators="false" applyToAllDim="false" name="Years" hide="false" expand="true" >
 <member name="&amp;RFYr8" />
</dimension>
 <dimension displayName="true" displayAlias="false" displayMemberFormula="false" displayConsolidationOperators="false" applyToAllDim="false" name="Period" hide="false" expand="true" >
 <member name="&amp;RFPer8" />
</dimension>
</segment>
 <segment>
 <dimension displayName="true" displayAlias="false" displayMemberFormula="false" displayConsolidationOperators="false" applyToAllDim="false" name="Years" hide="false" expand="true" >
 <member name="&amp;RFYr9" />
</dimension>
 <dimension displayName="true" displayAlias="false" displayMemberFormula="false" displayConsolidationOperators="false" applyToAllDim="false" name="Period" hide="false" expand="true" >
 <member name="&amp;RFPer9" />
</dimension>
</segment>
 <segment>
 <dimension displayName="true" displayAlias="false" displayMemberFormula="false" displayConsolidationOperators="false" applyToAllDim="false" name="Years" hide="false" expand="true" >
 <member name="&amp;RFYr10" />
</dimension>
 <dimension displayName="true" displayAlias="false" displayMemberFormula="false" displayConsolidationOperators="false" applyToAllDim="false" name="Period" hide="false" expand="true" >
 <member name="&amp;RFPer10" />
</dimension>
</segment>
 <segment>
 <dimension displayName="true" displayAlias="false" displayMemberFormula="false" displayConsolidationOperators="false" applyToAllDim="false" name="Years" hide="false" expand="true" >
 <member name="&amp;RFYr11" />
</dimension>
 <dimension displayName="true" displayAlias="false" displayMemberFormula="false" displayConsolidationOperators="false" applyToAllDim="false" name="Period" hide="false" expand="true" >
 <member name="&amp;RFPer11" />
</dimension>
</segment>
 <segment>
 <dimension displayName="true" displayAlias="false" displayMemberFormula="false" displayConsolidationOperators="false" applyToAllDim="false" name="Years" hide="false" expand="true" >
 <member name="&amp;RFYr12" />
</dimension>
 <dimension displayName="true" displayAlias="false" displayMemberFormula="false" displayConsolidationOperators="false" applyToAllDim="false" name="Period" hide="false" expand="true" >
 <member name="&amp;RFPer12" />
</dimension>
</segment>
</columns>
 <rows height="0" >
 <segment>
 <dimension displayName="false" displayAlias="true" displayMemberFormula="false" displayConsolidationOperators="false" applyToAllDim="false" name="Account" hide="false" expand="true" >
 <member name="StdMatCosFcst" />
</dimension>
</segment>
 <segment>
 <dimension displayName="false" displayAlias="true" displayMemberFormula="false" displayConsolidationOperators="false" applyToAllDim="false" name="Account" hide="false" expand="true" >
 <member name="A84290" />
</dimension>
</segment>
</rows>
 <pages>
 <segment>
 <dimension displayName="false" displayAlias="true" displayMemberFormula="false" displayConsolidationOperators="false" applyToAllDim="false" name="Entity" hide="false" >
 <function name="ILvl0Descendants" >
 <member name="SEF_HQ" />
</function>
 <function name="ILvl0Descendants" >
 <member name="SEF_Asia" />
</function>
 <function name="ILvl0Descendants" >
 <member name="SEF_Other" />
</function>
 <member name="E0578" />
 <function name="ILvl0Descendants" >
 <member name="SEF_EngFastEurAuto" />
</function>
 <function name="ILvl0Descendants" >
 <member name="SEF_EmhartBrazil" />
</function>
 <member name="E3040" />
 <function name="ILvl0Descendants" >
 <member name="AssemblyLatinAmerica" />
</function>
 <member name="E0218" />
 <member name="E0219" />
 <member name="E3056" />
 <member name="E0501" />
 <member name="AssemblyUSAlloc" />
 <member name="EmhartAmerAlloc" />
 <member name="E3055" />
 <function name="ILvl0Descendants" >
 <member name="SEF_Nelson_SW" />
</function>
 <function name="ILvl0Descendants" >
 <member name="EmhartEurInd" />
</function>
 <member name="InfastEuropeAlloc" />
 <member name="E3091" />
 <member name="E3091BNL" />
 <member name="E3091DE" />
 <member name="E3091EE" />
 <member name="E3091ES" />
 <member name="E3091EXP" />
 <member name="E3091FR" />
 <member name="E3091IT" />
 <member name="E3091ND" />
 <member name="E3091UK" />
 <member name="E3092" />
 <member name="E3092BNL" />
 <member name="E3092DE" />
 <member name="E3092EE" />
 <member name="E3092ES" />
 <member name="E3092EXP" />
 <member name="E3092FR" />
 <member name="E3092IT" />
 <member name="E3092ND" />
 <member name="E3092UK" />
 <member name="E3093" />
 <member name="E3094" />
 <member name="E3094BNL" />
 <member name="E3094DE" />
 <member name="E3094EE" />
 <member name="E3094ES" />
 <member name="E3094EXP" />
 <member name="E3094FR" />
 <member name="E3094IT" />
 <member name="E3094ND" />
 <member name="E3094UK" />
 <member name="E3095" />
 <member name="E3095BNL" />
 <member name="E3095DE" />
 <member name="E3095EE" />
 <member name="E3095ES" />
 <member name="E3095EXP" />
 <member name="E3095FR" />
 <member name="E3095IT" />
 <member name="E3095ND" />
 <member name="E3095UK" />
 <member name="E3096" />
 <member name="E3097" />
 <member name="E3097UK" />
 <member name="E3099BNL" />
 <member name="E3099DE" />
 <member name="E3099EE" />
 <member name="E3099ES" />
 <member name="E3099EXP" />
 <member name="E3099FR" />
 <member name="E3099IT" />
 <member name="E3099ND" />
 <member name="E3099UK" />
 <member name="E3100" />
 <member name="E3101" />
 <member name="E3102" />
 <member name="E3103" />
 <member name="E3098" />
 <member name="E3054" />
 <member name="E3226" />
 <member name="InfastAmerAlloc" />
 <function name="ILvl0Descendants" >
 <member name="Nelson_NAexSW" />
</function>
 <member name="E3060" />
 <member name="E3063" />
 <function name="ILvl0Descendants" >
 <member name="E3063" />
</function>
 <member name="E3066" />
 <function name="ILvl0Descendants" >
 <member name="AICE_Canada" />
</function>
 <member name="E3068" />
 <member name="E3070" />
 <member name="E3028" />
 <function name="ILvl0Descendants" >
 <member name="EmhartSpiraOps" />
</function>
</dimension>
</segment>
</pages>
 <pov>
 <dimension displayName="false" displayAlias="true" displayMemberFormula="false" displayConsolidationOperators="false" applyToAllDim="false" name="Scenario" hide="false" >
 <member name="CFCST" visible="true" />
</dimension>
 <dimension displayName="true" displayAlias="false" displayMemberFormula="false" displayConsolidationOperators="false" applyToAllDim="false" name="Version" hide="false" >
 <member name="Working" visible="true" />
</dimension>
 <dimension displayName="false" displayAlias="true" displayMemberFormula="false" displayConsolidationOperators="false" applyToAllDim="false" name="Currency" hide="false" >
 <member name="LocalCur" visible="true" />
</dimension>
 <dimension displayName="false" displayAlias="true" displayMemberFormula="false" displayConsolidationOperators="false" applyToAllDim="false" name="Customer" hide="false" >
 <member name="Customer_None" visible="true" />
</dimension>
 <dimension displayName="false" displayAlias="true" displayMemberFormula="false" displayConsolidationOperators="false" applyToAllDim="false" name="Function" hide="false" >
 <member name="Function_None" visible="true" />
</dimension>
 <dimension displayName="false" displayAlias="true" displayMemberFormula="false" displayConsolidationOperators="false" applyToAllDim="false" name="Product" hide="false" >
 <member name="Product_None" visible="true" />
</dimension>
</pov>
</query>
 <businessRules>
 <businessRule calcType="3" name="DEFAULT" planType="1" />
</businessRules>
 <displayOptions>
 <precision useCurrencyPrecision="false" nonCurrencyMax="0" nonCurrencyMin="0" currencyMax="2" percentageMax="1" currencyMin="2" percentageMin="1" />
 <display poundMissing="true" enableAttributeDisplay="false" enableCellAttach="true" enableAdHoc="false" multiCurrency="false" enableMassAllocation="false" accountAnnotation="false" enableGridSpread="true" />
 <printOptions>
 <pageSettings pageSize="A4" orientation="0" font="" fontSize="8" rowHeaderPercentage="35" numDataCols="10" />
 <format supportingDetails="false" applyPrecision="false" repeatHeaders="true" reverseSupport="false" formatData="true" />
 <printDisplay currency="true" shading="true" cellNotes="false" attribute="true" accountAnnotation="true" />
</printOptions>
 <smartViewOptions enableForSmartSlice="false" enableOfflineUsage="false" />
</displayOptions>
 <dataValidationRules>
 <dataValidationRulesOptions>
 <RunValidationsAsLoggedInUser>true</RunValidationsAsLoggedInUser>
 <ValidateOnlyForPagesWithBlocks>true</ValidateOnlyForPagesWithBlocks>
 <ValidateOnlyForUsersWithAccessToForm>true</ValidateOnlyForUsersWithAccessToForm>
</dataValidationRulesOptions>
</dataValidationRules>
 <formFormattings>
</formFormattings>
</form>
