<?xml version="1.0" encoding="UTF-8" ?>
 <form xmlns:xsi="http://www.w3.org/2001/XMLSchema-instance" name="2013: SBD StdCOS System Load" dir="Forms/OCOS/OCOS" hide="false" autoSubmit="false" planType="1" globalAssumptions="false" enableCubeView="false" enableOffline="false" readOnly="false" calcOnAutoSubmit="false" >
 <description>SBD Standard Cost Upload</description>
 <query>
 <columns width="100" >
 <segment>
 <dimension displayName="true" displayAlias="false" displayMemberFormula="false" displayConsolidationOperators="false" applyToAllDim="false" name="Years" hide="false" expand="true" >
 <member name="&amp;FxYr1" />
</dimension>
 <dimension displayName="true" displayAlias="false" displayMemberFormula="false" displayConsolidationOperators="false" applyToAllDim="false" name="Period" hide="false" expand="true" >
 <member name="&amp;FxPer1" />
</dimension>
</segment>
 <segment>
 <dimension displayName="true" displayAlias="false" displayMemberFormula="false" displayConsolidationOperators="false" applyToAllDim="false" name="Years" hide="false" expand="true" >
 <member name="&amp;FxYr2" />
</dimension>
 <dimension displayName="true" displayAlias="false" displayMemberFormula="false" displayConsolidationOperators="false" applyToAllDim="false" name="Period" hide="false" expand="true" >
 <member name="&amp;FxPer2" />
</dimension>
</segment>
 <segment>
 <dimension displayName="true" displayAlias="false" displayMemberFormula="false" displayConsolidationOperators="false" applyToAllDim="false" name="Years" hide="false" expand="true" >
 <member name="&amp;FxYr3" />
</dimension>
 <dimension displayName="true" displayAlias="false" displayMemberFormula="false" displayConsolidationOperators="false" applyToAllDim="false" name="Period" hide="false" expand="true" >
 <member name="&amp;FxPer3" />
</dimension>
</segment>
 <segment>
 <dimension displayName="true" displayAlias="false" displayMemberFormula="false" displayConsolidationOperators="false" applyToAllDim="false" name="Years" hide="false" expand="true" >
 <member name="&amp;FxYr4" />
</dimension>
 <dimension displayName="true" displayAlias="false" displayMemberFormula="false" displayConsolidationOperators="false" applyToAllDim="false" name="Period" hide="false" expand="true" >
 <member name="&amp;FxPer4" />
</dimension>
</segment>
 <segment>
 <dimension displayName="true" displayAlias="false" displayMemberFormula="false" displayConsolidationOperators="false" applyToAllDim="false" name="Years" hide="false" expand="true" >
 <member name="&amp;FxYr5" />
</dimension>
 <dimension displayName="true" displayAlias="false" displayMemberFormula="false" displayConsolidationOperators="false" applyToAllDim="false" name="Period" hide="false" expand="true" >
 <member name="&amp;FxPer5" />
</dimension>
</segment>
 <segment>
 <dimension displayName="true" displayAlias="false" displayMemberFormula="false" displayConsolidationOperators="false" applyToAllDim="false" name="Years" hide="false" expand="true" >
 <member name="&amp;FxYr6" />
</dimension>
 <dimension displayName="true" displayAlias="false" displayMemberFormula="false" displayConsolidationOperators="false" applyToAllDim="false" name="Period" hide="false" expand="true" >
 <member name="&amp;FxPer6" />
</dimension>
</segment>
 <segment>
 <dimension displayName="true" displayAlias="false" displayMemberFormula="false" displayConsolidationOperators="false" applyToAllDim="false" name="Years" hide="false" expand="true" >
 <member name="&amp;FxYr7" />
</dimension>
 <dimension displayName="true" displayAlias="false" displayMemberFormula="false" displayConsolidationOperators="false" applyToAllDim="false" name="Period" hide="false" expand="true" >
 <member name="&amp;FxPer7" />
</dimension>
</segment>
 <segment>
 <dimension displayName="true" displayAlias="false" displayMemberFormula="false" displayConsolidationOperators="false" applyToAllDim="false" name="Years" hide="false" expand="true" >
 <member name="&amp;FxYr8" />
</dimension>
 <dimension displayName="true" displayAlias="false" displayMemberFormula="false" displayConsolidationOperators="false" applyToAllDim="false" name="Period" hide="false" expand="true" >
 <member name="&amp;FxPer8" />
</dimension>
</segment>
 <segment>
 <dimension displayName="true" displayAlias="false" displayMemberFormula="false" displayConsolidationOperators="false" applyToAllDim="false" name="Years" hide="false" expand="true" >
 <member name="&amp;FxYr9" />
</dimension>
 <dimension displayName="true" displayAlias="false" displayMemberFormula="false" displayConsolidationOperators="false" applyToAllDim="false" name="Period" hide="false" expand="true" >
 <member name="&amp;FxPer9" />
</dimension>
</segment>
 <segment>
 <dimension displayName="true" displayAlias="false" displayMemberFormula="false" displayConsolidationOperators="false" applyToAllDim="false" name="Years" hide="false" expand="true" >
 <member name="&amp;FxYr10" />
</dimension>
 <dimension displayName="true" displayAlias="false" displayMemberFormula="false" displayConsolidationOperators="false" applyToAllDim="false" name="Period" hide="false" expand="true" >
 <member name="&amp;FxPer10" />
</dimension>
</segment>
 <segment>
 <dimension displayName="true" displayAlias="false" displayMemberFormula="false" displayConsolidationOperators="false" applyToAllDim="false" name="Years" hide="false" expand="true" >
 <member name="&amp;FxYr11" />
</dimension>
 <dimension displayName="true" displayAlias="false" displayMemberFormula="false" displayConsolidationOperators="false" applyToAllDim="false" name="Period" hide="false" expand="true" >
 <member name="&amp;FxPer11" />
</dimension>
</segment>
 <segment>
 <dimension displayName="true" displayAlias="false" displayMemberFormula="false" displayConsolidationOperators="false" applyToAllDim="false" name="Years" hide="false" expand="true" >
 <member name="&amp;FxYr12" />
</dimension>
 <dimension displayName="true" displayAlias="false" displayMemberFormula="false" displayConsolidationOperators="false" applyToAllDim="false" name="Period" hide="false" expand="true" >
 <member name="&amp;FxPer12" />
</dimension>
</segment>
 <segment>
 <dimension displayName="true" displayAlias="false" displayMemberFormula="false" displayConsolidationOperators="false" applyToAllDim="false" name="Years" hide="false" expand="true" >
 <member name="&amp;FxYr13" />
</dimension>
 <dimension displayName="true" displayAlias="false" displayMemberFormula="false" displayConsolidationOperators="false" applyToAllDim="false" name="Period" hide="false" expand="true" >
 <member name="&amp;FxPer13" />
</dimension>
</segment>
 <segment>
 <dimension displayName="true" displayAlias="false" displayMemberFormula="false" displayConsolidationOperators="false" applyToAllDim="false" name="Years" hide="false" expand="true" >
 <member name="&amp;FxYr14" />
</dimension>
 <dimension displayName="true" displayAlias="false" displayMemberFormula="false" displayConsolidationOperators="false" applyToAllDim="false" name="Period" hide="false" expand="true" >
 <member name="&amp;FxPer14" />
</dimension>
</segment>
 <segment>
 <dimension displayName="true" displayAlias="false" displayMemberFormula="false" displayConsolidationOperators="false" applyToAllDim="false" name="Years" hide="false" expand="true" >
 <member name="&amp;FxYr15" />
</dimension>
 <dimension displayName="true" displayAlias="false" displayMemberFormula="false" displayConsolidationOperators="false" applyToAllDim="false" name="Period" hide="false" expand="true" >
 <member name="&amp;FxPer15" />
</dimension>
</segment>
 <segment>
 <dimension displayName="true" displayAlias="false" displayMemberFormula="false" displayConsolidationOperators="false" applyToAllDim="false" name="Years" hide="false" expand="true" >
 <member name="&amp;FxYr16" />
</dimension>
 <dimension displayName="true" displayAlias="false" displayMemberFormula="false" displayConsolidationOperators="false" applyToAllDim="false" name="Period" hide="false" expand="true" >
 <member name="&amp;FxPer16" />
</dimension>
</segment>
 <segment>
 <dimension displayName="true" displayAlias="false" displayMemberFormula="false" displayConsolidationOperators="false" applyToAllDim="false" name="Years" hide="false" expand="true" >
 <member name="&amp;FxYr17" />
</dimension>
 <dimension displayName="true" displayAlias="false" displayMemberFormula="false" displayConsolidationOperators="false" applyToAllDim="false" name="Period" hide="false" expand="true" >
 <member name="&amp;FxPer17" />
</dimension>
</segment>
 <segment>
 <dimension displayName="true" displayAlias="false" displayMemberFormula="false" displayConsolidationOperators="false" applyToAllDim="false" name="Years" hide="false" expand="true" >
 <member name="&amp;FxYr18" />
</dimension>
 <dimension displayName="true" displayAlias="false" displayMemberFormula="false" displayConsolidationOperators="false" applyToAllDim="false" name="Period" hide="false" expand="true" >
 <member name="&amp;FxPer18" />
</dimension>
</segment>
</columns>
 <rows height="0" >
 <segment>
 <dimension displayName="false" displayAlias="true" displayMemberFormula="false" displayConsolidationOperators="false" applyToAllDim="false" name="Account" hide="false" expand="true" >
 <member name="StdMatCOSBaseline" />
 <member name="StdMatCOTAdj" />
 <member name="StdMatCosFcst" />
</dimension>
</segment>
 <segment>
 <dimension displayName="false" displayAlias="true" displayMemberFormula="false" displayConsolidationOperators="false" applyToAllDim="false" name="Account" hide="false" expand="true" >
 <member name="LiqCOSBaseline" />
 <member name="LiqCOTAdj" />
 <member name="A84290" />
</dimension>
</segment>
</rows>
 <pages>
 <segment>
 <dimension displayName="false" displayAlias="true" displayMemberFormula="false" displayConsolidationOperators="false" applyToAllDim="false" name="Entity" hide="false" >
 <member name="E3001" />
 <member name="E3005" />
 <member name="E3065" />
 <member name="E3067" />
 <member name="E3000" />
 <member name="E3008" />
 <member name="E3007" />
 <member name="E3009" />
 <member name="E3099" />
 <member name="E3208" />
 <member name="E3003" />
 <member name="E0217" />
 <member name="E3020" />
 <member name="E3006" />
</dimension>
</segment>
</pages>
 <pov>
 <dimension displayName="false" displayAlias="true" displayMemberFormula="false" displayConsolidationOperators="false" applyToAllDim="false" name="Scenario" hide="false" >
 <member name="CFCST" visible="true" />
</dimension>
 <dimension displayName="true" displayAlias="false" displayMemberFormula="false" displayConsolidationOperators="false" applyToAllDim="false" name="Version" hide="false" >
 <member name="Working" visible="true" />
</dimension>
 <dimension displayName="false" displayAlias="true" displayMemberFormula="false" displayConsolidationOperators="false" applyToAllDim="false" name="Currency" hide="false" >
 <member name="LocalCur" visible="true" />
</dimension>
 <dimension displayName="false" displayAlias="true" displayMemberFormula="false" displayConsolidationOperators="false" applyToAllDim="false" name="Customer" hide="false" >
 <member name="Customer_None" visible="true" />
</dimension>
 <dimension displayName="false" displayAlias="true" displayMemberFormula="false" displayConsolidationOperators="false" applyToAllDim="false" name="Function" hide="false" >
 <member name="Function_None" visible="true" />
</dimension>
 <dimension displayName="false" displayAlias="true" displayMemberFormula="false" displayConsolidationOperators="false" applyToAllDim="false" name="Product" hide="false" >
 <member name="Product_None" visible="true" />
</dimension>
</pov>
</query>
 <businessRules>
 <businessRule calcType="3" name="DEFAULT" planType="1" />
 <businessRule calcType="0" name="2000_StdCOS_Upload" planType="1" runOnSave="true" hidePrompt="true" useMRU="true" />
 <businessRule calcType="0" name="2013_StdCos_System_Load_Rule" planType="1" runOnSave="true" hidePrompt="true" useMRU="true" />
</businessRules>
 <displayOptions>
 <precision useCurrencyPrecision="false" nonCurrencyMax="0" nonCurrencyMin="0" currencyMax="2" percentageMax="1" currencyMin="2" percentageMin="1" />
 <display poundMissing="true" enableAttributeDisplay="false" enableCellAttach="true" enableAdHoc="false" multiCurrency="false" enableMassAllocation="false" accountAnnotation="false" enableGridSpread="true" />
 <printOptions>
 <pageSettings pageSize="A4" orientation="0" font="" fontSize="8" rowHeaderPercentage="35" numDataCols="10" />
 <format supportingDetails="false" applyPrecision="false" repeatHeaders="true" reverseSupport="false" formatData="true" />
 <printDisplay currency="true" shading="true" cellNotes="false" attribute="true" accountAnnotation="true" />
</printOptions>
 <smartViewOptions enableForSmartSlice="false" enableOfflineUsage="false" />
</displayOptions>
 <dataValidationRules>
 <dataValidationRule position="1" name="GreyOut_COT Baseline &amp; Liqudation Accounts" enabled="true" description="" rowLocation="-1.0" colLocation="-1.0" >
 <dataValidationCond toolTip="" groupOpenNestingLevel="0" operator="8" displayMessageInDVPane="true" honorPmRules="false" negate="false" groupCloseNestingLevel="0" position="1" styleId="0" type="1" bgColor="" Valid="true" logicalOperator="21" >
 <compareValue type="5" value="Account" >
</compareValue>
 <compareToValue type="7" value="&quot;StdMatCOSBaseline&quot;" >
</compareToValue>
</dataValidationCond>
 <dataValidationCond toolTip="" groupOpenNestingLevel="0" operator="8" displayMessageInDVPane="true" honorPmRules="false" negate="false" groupCloseNestingLevel="0" position="2" styleId="0" type="2" bgColor="" Valid="true" logicalOperator="21" >
 <compareValue type="5" value="Account" >
</compareValue>
 <compareToValue type="7" value="&quot;LiqCOSBaseline&quot;" >
</compareToValue>
</dataValidationCond>
 <dataValidationCond toolTip="" groupOpenNestingLevel="0" operator="8" displayMessageInDVPane="true" honorPmRules="false" negate="false" groupCloseNestingLevel="0" position="3" styleId="0" type="2" bgColor="" Valid="true" logicalOperator="21" >
 <compareValue type="5" value="Account" >
</compareValue>
 <compareToValue type="7" value="&quot;StdMatCosFcst&quot;" >
</compareToValue>
</dataValidationCond>
 <dataValidationCond toolTip="" groupOpenNestingLevel="0" operator="8" displayMessageInDVPane="true" honorPmRules="false" negate="false" groupCloseNestingLevel="0" position="4" styleId="0" type="2" bgColor="" Valid="true" logicalOperator="0" >
 <compareValue type="5" value="Account" >
</compareValue>
 <compareToValue type="7" value="&quot;A84290&quot;" >
</compareToValue>
</dataValidationCond>
 <dataValidationCond toolTip="Do Not Enter Here" groupOpenNestingLevel="0" operator="0" displayMessageInDVPane="true" honorPmRules="false" negate="false" groupCloseNestingLevel="0" position="5" styleId="0" type="5" bgColor="14474460" Valid="true" logicalOperator="0" >
 <compareValue type="6" value="" >
</compareValue>
 <compareToValue type="0" value="" >
</compareToValue>
</dataValidationCond>
</dataValidationRule>
 <dataValidationRulesOptions>
 <RunValidationsAsLoggedInUser>true</RunValidationsAsLoggedInUser>
 <ValidateOnlyForPagesWithBlocks>true</ValidateOnlyForPagesWithBlocks>
 <ValidateOnlyForUsersWithAccessToForm>true</ValidateOnlyForUsersWithAccessToForm>
</dataValidationRulesOptions>
</dataValidationRules>
 <formFormattings>
</formFormattings>
</form>
