<?xml version="1.0" encoding="UTF-8"?><artifactListing><folder modifiedBy="" path="/Plan Type" pathAlias="/Plan Type" size="-1" type="folder"/><folder lastUpdated="1562091376467" modifiedBy="admin" path="/Plan Type/FinPlan" pathAlias="/Plan Type/FinPlan" size="-1" type="Plan Type"/><folder modifiedBy="" path="/Plan Type/FinPlan/Standard Dimensions" pathAlias="/Plan Type/FinPlan/Standard Dimensions" size="-1" type="folder"/><folder modifiedBy="" path="/Plan Type/FinPlan/Data Forms" pathAlias="/Plan Type/FinPlan/Data Forms" size="-1" type="folder"/><folder lastUpdated="1562094636653" modifiedBy="admin" path="/Plan Type/FinPlan/Data Forms/Actuals Stat" pathAlias="/Plan Type/FinPlan/Data Forms/Actuals Stat" size="-1" type="Form folder"/><folder modifiedBy="" path="/Plan Type/FinPlan/Calculation Manager Rules" pathAlias="/Plan Type/FinPlan/Calculation Manager Rules" size="-1" type="folder"/><folder lastUpdated="1562094632010" modifiedBy="admin" path="/Plan Type/FinPlan/Calculation Manager Rules/Actuals Stat" pathAlias="/Plan Type/FinPlan/Calculation Manager Rules/Actuals Stat" size="-1" type="Calculation Manager Rule folder"/><folder modifiedBy="" path="/Plan Type/FinPlan/Calc scripts" pathAlias="/Plan Type/FinPlan/Calc scripts" size="-1" type="folder"/><folder modifiedBy="" path="/Plan Type/FinPlan/Rule files" pathAlias="/Plan Type/FinPlan/Rule files" size="-1" type="folder"/><resource id="Account" lastUpdated="1583222509937" modifiedBy="PXR1012" name="Account" path="/Plan Type/FinPlan/Standard Dimensions" pathAlias="/Plan Type/FinPlan/Standard Dimensions" size="-1" type="Account Dimension"/><resource id="Period" lastUpdated="1583222997243" modifiedBy="PXR1012" name="Period" path="/Plan Type/FinPlan/Standard Dimensions" pathAlias="/Plan Type/FinPlan/Standard Dimensions" size="-1" type="Period Dimension"/><resource id="Years" lastUpdated="1583223186763" modifiedBy="PXR1012" name="Years" path="/Plan Type/FinPlan/Standard Dimensions" pathAlias="/Plan Type/FinPlan/Standard Dimensions" size="-1" type="Year Dimension"/><resource id="Scenario" lastUpdated="1583223107840" modifiedBy="PXR1012" name="Scenario" path="/Plan Type/FinPlan/Standard Dimensions" pathAlias="/Plan Type/FinPlan/Standard Dimensions" size="-1" type="Scenario Dimension"/><resource id="Version" lastUpdated="1583223150587" modifiedBy="PXR1012" name="Version" path="/Plan Type/FinPlan/Standard Dimensions" pathAlias="/Plan Type/FinPlan/Standard Dimensions" size="-1" type="Version Dimension"/><resource id="Entity" lastUpdated="1583253132810" modifiedBy="PXR1012" name="Entity" path="/Plan Type/FinPlan/Standard Dimensions" pathAlias="/Plan Type/FinPlan/Standard Dimensions" size="-1" type="Entity Dimension"/><resource id="Currency" lastUpdated="1583222661763" modifiedBy="PXR1012" name="Currency" path="/Plan Type/FinPlan/Standard Dimensions" pathAlias="/Plan Type/FinPlan/Standard Dimensions" size="-1" type="Dimension"/><resource id="Product" lastUpdated="1583223068893" modifiedBy="PXR1012" name="Product" path="/Plan Type/FinPlan/Standard Dimensions" pathAlias="/Plan Type/FinPlan/Standard Dimensions" size="-1" type="Dimension"/><resource id="Customer" lastUpdated="1583222702890" modifiedBy="PXR1012" name="Customer" path="/Plan Type/FinPlan/Standard Dimensions" pathAlias="/Plan Type/FinPlan/Standard Dimensions" size="-1" type="Dimension"/><resource id="Function" lastUpdated="1583222958167" modifiedBy="PXR1012" name="Function" path="/Plan Type/FinPlan/Standard Dimensions" pathAlias="/Plan Type/FinPlan/Standard Dimensions" size="-1" type="Dimension"/><resource description="This form is used to set Acquisition and/or Divestiture Flag." id="7010: SBD Acq-Div Flag" lastUpdated="1583253317377" modifiedBy="SXK1028A" name="7010: SBD Acq-Div Flag" path="/Plan Type/FinPlan/Data Forms/Actuals Stat" pathAlias="/Plan Type/FinPlan/Data Forms/Actuals Stat" size="-1" type="Data Form"/><resource description="Core statistics for Actuals Close Cycle" id="7004: SBD AR Stats" lastUpdated="1583253317420" modifiedBy="SXK1028A" name="7004: SBD AR Stats" path="/Plan Type/FinPlan/Data Forms/Actuals Stat" pathAlias="/Plan Type/FinPlan/Data Forms/Actuals Stat" size="-1" type="Data Form"/><resource description="Actual CGO Statistics" id="7002: SBD ActualCGO" lastUpdated="1583253317517" modifiedBy="SXK1028A" name="7002: SBD ActualCGO" path="/Plan Type/FinPlan/Data Forms/Actuals Stat" pathAlias="/Plan Type/FinPlan/Data Forms/Actuals Stat" size="-1" type="Data Form"/><resource description="SBD Actuals Input – Price and Mix" id="7005: SBD ActualsInput – Price and Mix" lastUpdated="1583253317563" modifiedBy="SXK1028A" name="7005: SBD ActualsInput – Price and Mix" path="/Plan Type/FinPlan/Data Forms/Actuals Stat" pathAlias="/Plan Type/FinPlan/Data Forms/Actuals Stat" size="-1" type="Data Form"/><resource description="Temporary Headcount input for Actuals Close Cycle" id="7001: SBD ActualsInput - Headcount" lastUpdated="1583253317610" modifiedBy="SXK1028A" name="7001: SBD ActualsInput - Headcount" path="/Plan Type/FinPlan/Data Forms/Actuals Stat" pathAlias="/Plan Type/FinPlan/Data Forms/Actuals Stat" size="-1" type="Data Form"/><resource description="Transfers, Acquisitions and Divestitures by Customer" id="7001: SBD ActualsInput - Transfers and Acquisitions" lastUpdated="1583253317643" modifiedBy="SXK1028A" name="7001: SBD ActualsInput - Transfers and Acquisitions" path="/Plan Type/FinPlan/Data Forms/Actuals Stat" pathAlias="/Plan Type/FinPlan/Data Forms/Actuals Stat" size="-1" type="Data Form"/><resource description="Bottom form of composite for GEM Input Actual stats" id="7003: GEMInput - Act - Bottom" lastUpdated="1583253317707" modifiedBy="SXK1028A" name="7003: GEMInput - Act - Bottom" path="/Plan Type/FinPlan/Data Forms/Actuals Stat" pathAlias="/Plan Type/FinPlan/Data Forms/Actuals Stat" size="-1" type="Data Form"/><resource description="Top form of composite for GEM Input Actual stats" id="7003: GEMInput - Act - Top" lastUpdated="1583253317753" modifiedBy="SXK1028A" name="7003: GEMInput - Act - Top" path="/Plan Type/FinPlan/Data Forms/Actuals Stat" pathAlias="/Plan Type/FinPlan/Data Forms/Actuals Stat" size="-1" type="Data Form"/><resource description="COSPROD Detail Input form" id="7001: SBD COSPROD Detail Input - GEM" lastUpdated="1583253317783" modifiedBy="SXK1028A" name="7001: SBD COSPROD Detail Input - GEM" path="/Plan Type/FinPlan/Data Forms/Actuals Stat" pathAlias="/Plan Type/FinPlan/Data Forms/Actuals Stat" size="-1" type="Data Form"/><resource description="COSPROD Detail Input form" id="7001: SBD COSPROD Detail Input - GTS" lastUpdated="1583253317830" modifiedBy="SXK1028A" name="7001: SBD COSPROD Detail Input - GTS" path="/Plan Type/FinPlan/Data Forms/Actuals Stat" pathAlias="/Plan Type/FinPlan/Data Forms/Actuals Stat" size="-1" type="Data Form"/><resource description="Core statistics for Actuals Close Cycle" id="7001: SBD ActualsInput - Core (GEM)" lastUpdated="1583253317863" modifiedBy="SXK1028A" name="7001: SBD ActualsInput - Core (GEM)" path="/Plan Type/FinPlan/Data Forms/Actuals Stat" pathAlias="/Plan Type/FinPlan/Data Forms/Actuals Stat" size="-1" type="Data Form"/><resource description="Core statistics for Actuals Close Cycle" id="7001: SBD ActualsInput - Core (GTS)" lastUpdated="1583253317940" modifiedBy="SXK1028A" name="7001: SBD ActualsInput - Core (GTS)" path="/Plan Type/FinPlan/Data Forms/Actuals Stat" pathAlias="/Plan Type/FinPlan/Data Forms/Actuals Stat" size="-1" type="Data Form"/><resource description="Core statistics for Actuals Close Cycle" id="7001: SBD ActualsInput - GEM Product Detail" lastUpdated="1583253318020" modifiedBy="SXK1028A" name="7001: SBD ActualsInput - GEM Product Detail" path="/Plan Type/FinPlan/Data Forms/Actuals Stat" pathAlias="/Plan Type/FinPlan/Data Forms/Actuals Stat" size="-1" type="Data Form"/><resource description="Core statistics for Actuals Close Cycle" id="7001: SBD ActualsInput - GTS Product Detail" lastUpdated="1583253318080" modifiedBy="SXK1028A" name="7001: SBD ActualsInput - GTS Product Detail" path="/Plan Type/FinPlan/Data Forms/Actuals Stat" pathAlias="/Plan Type/FinPlan/Data Forms/Actuals Stat" size="-1" type="Data Form"/><resource description="" id="7010_SBD_AcqDiv" lastUpdated="1562187505827" modifiedBy="admin" name="7010_SBD_AcqDiv" path="/Plan Type/FinPlan/Calculation Manager Rules" pathAlias="/Plan Type/FinPlan/Calculation Manager Rules" size="-1" type="Rule"/><resource description="" id="7001_HeadcountAgg" lastUpdated="1562187505810" modifiedBy="admin" name="7001_HeadcountAgg" path="/Plan Type/FinPlan/Calculation Manager Rules/Actuals Stat" pathAlias="/Plan Type/FinPlan/Calculation Manager Rules/Actuals Stat" size="-1" type="Rule"/><resource description="" id="3EXPALL.csc" lastUpdated="1562091689000" modifiedBy="" name="3EXPALL.csc" path="/Plan Type/FinPlan/Calc scripts" pathAlias="/Plan Type/FinPlan/Calc scripts" size="-1" type="Calc Script"/><resource description="" id="BudFlag.csc" lastUpdated="1570647701000" modifiedBy="" name="BudFlag.csc" path="/Plan Type/FinPlan/Calc scripts" pathAlias="/Plan Type/FinPlan/Calc scripts" size="-1" type="Calc Script"/><resource description="" id="CALCACQ.csc" lastUpdated="1562091689000" modifiedBy="" name="CALCACQ.csc" path="/Plan Type/FinPlan/Calc scripts" pathAlias="/Plan Type/FinPlan/Calc scripts" size="-1" type="Calc Script"/><resource description="" id="CLRHIS.csc" lastUpdated="1562091689000" modifiedBy="" name="CLRHIS.csc" path="/Plan Type/FinPlan/Calc scripts" pathAlias="/Plan Type/FinPlan/Calc scripts" size="-1" type="Calc Script"/><resource description="" id="EXPACQ.csc" lastUpdated="1578659078000" modifiedBy="" name="EXPACQ.csc" path="/Plan Type/FinPlan/Calc scripts" pathAlias="/Plan Type/FinPlan/Calc scripts" size="-1" type="Calc Script"/><resource description="" id="EXPACQ11.csc" lastUpdated="1578659166000" modifiedBy="" name="EXPACQ11.csc" path="/Plan Type/FinPlan/Calc scripts" pathAlias="/Plan Type/FinPlan/Calc scripts" size="-1" type="Calc Script"/><resource description="" id="EXPACT.csc" lastUpdated="1578659241000" modifiedBy="" name="EXPACT.csc" path="/Plan Type/FinPlan/Calc scripts" pathAlias="/Plan Type/FinPlan/Calc scripts" size="-1" type="Calc Script"/><resource description="" id="EXPACT11.csc" lastUpdated="1578659324000" modifiedBy="" name="EXPACT11.csc" path="/Plan Type/FinPlan/Calc scripts" pathAlias="/Plan Type/FinPlan/Calc scripts" size="-1" type="Calc Script"/><resource description="" id="METLevl.csc" lastUpdated="1568795583000" modifiedBy="" name="METLevl.csc" path="/Plan Type/FinPlan/Calc scripts" pathAlias="/Plan Type/FinPlan/Calc scripts" size="-1" type="Calc Script"/><resource description="" id="Default Calc" modifiedBy="" name="Default Calc" path="/Plan Type/FinPlan/Calc scripts" pathAlias="/Plan Type/FinPlan/Calc scripts" size="-1" type="Calc Script"/><resource description="" id="LDOPTNHC.rul" lastUpdated="1518909004000" modifiedBy="" name="LDOPTNHC.rul" path="/Plan Type/FinPlan/Rule files" pathAlias="/Plan Type/FinPlan/Rule files" size="-1" type="Rule File"/><resource description="" id="LoadACQ.rul" lastUpdated="1520541325000" modifiedBy="" name="LoadACQ.rul" path="/Plan Type/FinPlan/Rule files" pathAlias="/Plan Type/FinPlan/Rule files" size="-1" type="Rule File"/></artifactListing>